[2026-08-11 16:22:37] production.ERROR: Igniter\System\Console\Commands\ThemeVendorPublish::publishTheme(): Argument #1 ($theme) must be of type Igniter\Main\Classes\Theme, null given, called in /home/lone/MariesRestaurant /vendor/tastyigniter/core/src/System/Console/Commands/ThemeVendorPublish.php on line 48 {"exception":"[object] (TypeError(code: 0): Igniter\\System\\Console\\Commands\\ThemeVendorPublish::publishTheme(): Argument #1 ($theme) must be of type Igniter\\Main\\Classes\\Theme, null given, called in /home/lone/MariesRestaurant /vendor/tastyigniter/core/src/System/Console/Commands/ThemeVendorPublish.php on line 48 at /home/lone/MariesRestaurant /vendor/tastyigniter/core/src/System/Console/Commands/ThemeVendorPublish.php:73)
[stacktrace]
#0 /home/lone/MariesRestaurant /vendor/tastyigniter/core/src/System/Console/Commands/ThemeVendorPublish.php(48): Igniter\\System\\Console\\Commands\\ThemeVendorPublish->publishTheme()
#1 /home/lone/MariesRestaurant /vendor/laravel/framework/src/Illuminate/Container/BoundMethod.php(36): Igniter\\System\\Console\\Commands\\ThemeVendorPublish->handle()
#2 /home/lone/MariesRestaurant /vendor/laravel/framework/src/Illuminate/Container/Util.php(43): Illuminate\\Container\\BoundMethod::{closure:Illuminate\\Container\\BoundMethod::call():35}()
#3 /home/lone/MariesRestaurant /vendor/laravel/framework/src/Illuminate/Container/BoundMethod.php(96): Illuminate\\Container\\Util::unwrapIfClosure()
#4 /home/lone/MariesRestaurant /vendor/laravel/framework/src/Illuminate/Container/BoundMethod.php(35): Illuminate\\Container\\BoundMethod::callBoundMethod()
#5 /home/lone/MariesRestaurant /vendor/laravel/framework/src/Illuminate/Container/Container.php(799): Illuminate\\Container\\BoundMethod::call()
#6 /home/lone/MariesRestaurant /vendor/laravel/framework/src/Illuminate/Console/Command.php(211): Illuminate\\Container\\Container->call()
#7 /home/lone/MariesRestaurant /vendor/symfony/console/Command/Command.php(341): Illuminate\\Console\\Command->execute()
#8 /home/lone/MariesRestaurant /vendor/laravel/framework/src/Illuminate/Console/Command.php(180): Symfony\\Component\\Console\\Command\\Command->run()
#9 /home/lone/MariesRestaurant /vendor/symfony/console/Application.php(1117): Illuminate\\Console\\Command->run()
#10 /home/lone/MariesRestaurant /vendor/symfony/console/Application.php(356): Symfony\\Component\\Console\\Application->doRunCommand()
#11 /home/lone/MariesRestaurant /vendor/symfony/console/Application.php(195): Symfony\\Component\\Console\\Application->doRun()
#12 /home/lone/MariesRestaurant /vendor/laravel/framework/src/Illuminate/Foundation/Console/Kernel.php(198): Symfony\\Component\\Console\\Application->run()
#13 /home/lone/MariesRestaurant /artisan(35): Illuminate\\Foundation\\Console\\Kernel->handle()
#14 {main}
"} 
[2026-08-11 17:15:48] production.ERROR: Unable to find component: [acme-purple::cart-box] {"exception":"[object] (Livewire\\Exceptions\\ComponentNotFoundException(code: 0): Unable to find component: [acme-purple::cart-box] at /home/lone/MariesRestaurant /vendor/livewire/livewire/src/Mechanisms/ComponentRegistry.php:116)
[stacktrace]
#0 /home/lone/MariesRestaurant /vendor/livewire/livewire/src/Mechanisms/ComponentRegistry.php(67): Livewire\\Mechanisms\\ComponentRegistry->getNameAndClass()
#1 /home/lone/MariesRestaurant /routes/web.php(33): Livewire\\Mechanisms\\ComponentRegistry->getName()
#2 /home/lone/MariesRestaurant /vendor/laravel/framework/src/Illuminate/Routing/CallableDispatcher.php(39): Illuminate\\Routing\\RouteFileRegistrar->{closure:/home/lone/MariesRestaurant /routes/web.php:28}()
#3 /home/lone/MariesRestaurant /vendor/laravel/framework/src/Illuminate/Routing/Route.php(243): Illuminate\\Routing\\CallableDispatcher->dispatch()
#4 /home/lone/MariesRestaurant /vendor/laravel/framework/src/Illuminate/Routing/Route.php(214): Illuminate\\Routing\\Route->runCallable()
#5 /home/lone/MariesRestaurant /vendor/laravel/framework/src/Illuminate/Routing/Router.php(822): Illuminate\\Routing\\Route->run()
#6 /home/lone/MariesRestaurant /vendor/laravel/framework/src/Illuminate/Pipeline/Pipeline.php(180): Illuminate\\Routing\\Router->{closure:Illuminate\\Routing\\Router::runRouteWithinStack():821}()
#7 /home/lone/MariesRestaurant /vendor/laravel/framework/src/Illuminate/Routing/Middleware/SubstituteBindings.php(50): Illuminate\\Pipeline\\Pipeline->{closure:Illuminate\\Pipeline\\Pipeline::prepareDestination():178}()
#8 /home/lone/MariesRestaurant /vendor/laravel/framework/src/Illuminate/Pipeline/Pipeline.php(219): Illuminate\\Routing\\Middleware\\SubstituteBindings->handle()
#9 /home/lone/MariesRestaurant /vendor/laravel/framework/src/Illuminate/Foundation/Http/Middleware/VerifyCsrfToken.php(87): Illuminate\\Pipeline\\Pipeline->{closure:{closure:Illuminate\\Pipeline\\Pipeline::carry():194}:195}()
#10 /home/lone/MariesRestaurant /vendor/laravel/framework/src/Illuminate/Pipeline/Pipeline.php(219): Illuminate\\Foundation\\Http\\Middleware\\VerifyCsrfToken->handle()
#11 /home/lone/MariesRestaurant /vendor/laravel/framework/src/Illuminate/View/Middleware/ShareErrorsFromSession.php(48): Illuminate\\Pipeline\\Pipeline->{closure:{closure:Illuminate\\Pipeline\\Pipeline::carry():194}:195}()
#12 /home/lone/MariesRestaurant /vendor/laravel/framework/src/Illuminate/Pipeline/Pipeline.php(219): Illuminate\\View\\Middleware\\ShareErrorsFromSession->handle()
#13 /home/lone/MariesRestaurant /vendor/laravel/framework/src/Illuminate/Session/Middleware/StartSession.php(120): Illuminate\\Pipeline\\Pipeline->{closure:{closure:Illuminate\\Pipeline\\Pipeline::carry():194}:195}()
#14 /home/lone/MariesRestaurant /vendor/laravel/framework/src/Illuminate/Session/Middleware/StartSession.php(63): Illuminate\\Session\\Middleware\\StartSession->handleStatefulRequest()
#15 /home/lone/MariesRestaurant /vendor/laravel/framework/src/Illuminate/Pipeline/Pipeline.php(219): Illuminate\\Session\\Middleware\\StartSession->handle()
#16 /home/lone/MariesRestaurant /vendor/laravel/framework/src/Illuminate/Cookie/Middleware/AddQueuedCookiesToResponse.php(36): Illuminate\\Pipeline\\Pipeline->{closure:{closure:Illuminate\\Pipeline\\Pipeline::carry():194}:195}()
#17 /home/lone/MariesRestaurant /vendor/laravel/framework/src/Illuminate/Pipeline/Pipeline.php(219): Illuminate\\Cookie\\Middleware\\AddQueuedCookiesToResponse->handle()
#18 /home/lone/MariesRestaurant /vendor/laravel/framework/src/Illuminate/Cookie/Middleware/EncryptCookies.php(74): Illuminate\\Pipeline\\Pipeline->{closure:{closure:Illuminate\\Pipeline\\Pipeline::carry():194}:195}()
#19 /home/lone/MariesRestaurant /vendor/laravel/framework/src/Illuminate/Pipeline/Pipeline.php(219): Illuminate\\Cookie\\Middleware\\EncryptCookies->handle()
#20 /home/lone/MariesRestaurant /vendor/laravel/framework/src/Illuminate/Pipeline/Pipeline.php(137): Illuminate\\Pipeline\\Pipeline->{closure:{closure:Illuminate\\Pipeline\\Pipeline::carry():194}:195}()
#21 /home/lone/MariesRestaurant /vendor/laravel/framework/src/Illuminate/Routing/Router.php(821): Illuminate\\Pipeline\\Pipeline->then()
#22 /home/lone/MariesRestaurant /vendor/laravel/framework/src/Illuminate/Routing/Router.php(800): Illuminate\\Routing\\Router->runRouteWithinStack()
#23 /home/lone/MariesRestaurant /vendor/laravel/framework/src/Illuminate/Routing/Router.php(764): Illuminate\\Routing\\Router->runRoute()
#24 /home/lone/MariesRestaurant /vendor/laravel/framework/src/Illuminate/Routing/Router.php(753): Illuminate\\Routing\\Router->dispatchToRoute()
#25 /home/lone/MariesRestaurant /vendor/laravel/framework/src/Illuminate/Foundation/Http/Kernel.php(200): Illuminate\\Routing\\Router->dispatch()
#26 /home/lone/MariesRestaurant /vendor/laravel/framework/src/Illuminate/Pipeline/Pipeline.php(180): Illuminate\\Foundation\\Http\\Kernel->{closure:Illuminate\\Foundation\\Http\\Kernel::dispatchToRouter():197}()
#27 /home/lone/MariesRestaurant /vendor/livewire/livewire/src/Features/SupportDisablingBackButtonCache/DisableBackButtonCacheMiddleware.php(19): Illuminate\\Pipeline\\Pipeline->{closure:Illuminate\\Pipeline\\Pipeline::prepareDestination():178}()
#28 /home/lone/MariesRestaurant /vendor/laravel/framework/src/Illuminate/Pipeline/Pipeline.php(219): Livewire\\Features\\SupportDisablingBackButtonCache\\DisableBackButtonCacheMiddleware->handle()
#29 /home/lone/MariesRestaurant /vendor/laravel/framework/src/Illuminate/Foundation/Http/Middleware/TransformsRequest.php(21): Illuminate\\Pipeline\\Pipeline->{closure:{closure:Illuminate\\Pipeline\\Pipeline::carry():194}:195}()
#30 /home/lone/MariesRestaurant /vendor/laravel/framework/src/Illuminate/Foundation/Http/Middleware/ConvertEmptyStringsToNull.php(31): Illuminate\\Foundation\\Http\\Middleware\\TransformsRequest->handle()
#31 /home/lone/MariesRestaurant /vendor/laravel/framework/src/Illuminate/Pipeline/Pipeline.php(219): Illuminate\\Foundation\\Http\\Middleware\\ConvertEmptyStringsToNull->handle()
#32 /home/lone/MariesRestaurant /vendor/laravel/framework/src/Illuminate/Foundation/Http/Middleware/TransformsRequest.php(21): Illuminate\\Pipeline\\Pipeline->{closure:{closure:Illuminate\\Pipeline\\Pipeline::carry():194}:195}()
#33 /home/lone/MariesRestaurant /vendor/laravel/framework/src/Illuminate/Foundation/Http/Middleware/TrimStrings.php(51): Illuminate\\Foundation\\Http\\Middleware\\TransformsRequest->handle()
#34 /home/lone/MariesRestaurant /vendor/laravel/framework/src/Illuminate/Pipeline/Pipeline.php(219): Illuminate\\Foundation\\Http\\Middleware\\TrimStrings->handle()
#35 /home/lone/MariesRestaurant /vendor/laravel/framework/src/Illuminate/Http/Middleware/ValidatePostSize.php(27): Illuminate\\Pipeline\\Pipeline->{closure:{closure:Illuminate\\Pipeline\\Pipeline::carry():194}:195}()
#36 /home/lone/MariesRestaurant /vendor/laravel/framework/src/Illuminate/Pipeline/Pipeline.php(219): Illuminate\\Http\\Middleware\\ValidatePostSize->handle()
#37 /home/lone/MariesRestaurant /vendor/laravel/framework/src/Illuminate/Foundation/Http/Middleware/PreventRequestsDuringMaintenance.php(109): Illuminate\\Pipeline\\Pipeline->{closure:{closure:Illuminate\\Pipeline\\Pipeline::carry():194}:195}()
#38 /home/lone/MariesRestaurant /vendor/laravel/framework/src/Illuminate/Pipeline/Pipeline.php(219): Illuminate\\Foundation\\Http\\Middleware\\PreventRequestsDuringMaintenance->handle()
#39 /home/lone/MariesRestaurant /vendor/laravel/framework/src/Illuminate/Http/Middleware/HandleCors.php(61): Illuminate\\Pipeline\\Pipeline->{closure:{closure:Illuminate\\Pipeline\\Pipeline::carry():194}:195}()
#40 /home/lone/MariesRestaurant /vendor/laravel/framework/src/Illuminate/Pipeline/Pipeline.php(219): Illuminate\\Http\\Middleware\\HandleCors->handle()
#41 /home/lone/MariesRestaurant /vendor/laravel/framework/src/Illuminate/Http/Middleware/TrustProxies.php(58): Illuminate\\Pipeline\\Pipeline->{closure:{closure:Illuminate\\Pipeline\\Pipeline::carry():194}:195}()
#42 /home/lone/MariesRestaurant /vendor/laravel/framework/src/Illuminate/Pipeline/Pipeline.php(219): Illuminate\\Http\\Middleware\\TrustProxies->handle()
#43 /home/lone/MariesRestaurant /vendor/laravel/framework/src/Illuminate/Pipeline/Pipeline.php(137): Illuminate\\Pipeline\\Pipeline->{closure:{closure:Illuminate\\Pipeline\\Pipeline::carry():194}:195}()
#44 /home/lone/MariesRestaurant /vendor/laravel/framework/src/Illuminate/Foundation/Http/Kernel.php(175): Illuminate\\Pipeline\\Pipeline->then()
#45 /home/lone/MariesRestaurant /vendor/laravel/framework/src/Illuminate/Foundation/Http/Kernel.php(144): Illuminate\\Foundation\\Http\\Kernel->sendRequestThroughRouter()
#46 /home/lone/MariesRestaurant /public/index.php(51): Illuminate\\Foundation\\Http\\Kernel->handle()
#47 /home/lone/MariesRestaurant /vendor/laravel/framework/src/Illuminate/Foundation/resources/server.php(23): require_once('...')
#48 {main}
"} 
[2026-08-11 17:26:05] production.ERROR: Reading Exif data is not supported by this PHP installation. {"exception":"[object] (Spatie\\LaravelIgnition\\Exceptions\\ViewException(code: 0): Reading Exif data is not supported by this PHP installation. at /home/lone/MariesRestaurant /vendor/intervention/image/src/Intervention/Image/Commands/ExifCommand.php:22)
[stacktrace]
#0 /home/lone/MariesRestaurant /vendor/intervention/image/src/Intervention/Image/AbstractDriver.php(94): Intervention\\Image\\Commands\\ExifCommand->execute()
#1 /home/lone/MariesRestaurant /vendor/intervention/image/src/Intervention/Image/Image.php(108): Intervention\\Image\\AbstractDriver->executeCommand()
#2 /home/lone/MariesRestaurant /vendor/intervention/image/src/Intervention/Image/Commands/OrientateCommand.php(15): Intervention\\Image\\Image->__call()
#3 /home/lone/MariesRestaurant /vendor/intervention/image/src/Intervention/Image/AbstractDriver.php(94): Intervention\\Image\\Commands\\OrientateCommand->execute()
#4 /home/lone/MariesRestaurant /vendor/intervention/image/src/Intervention/Image/Image.php(108): Intervention\\Image\\AbstractDriver->executeCommand()
#5 /home/lone/MariesRestaurant /vendor/league/glide/src/Manipulators/Orientation.php(24): Intervention\\Image\\Image->__call()
#6 /home/lone/MariesRestaurant /vendor/league/glide/src/Api/Api.php(102): League\\Glide\\Manipulators\\Orientation->run()
#7 /home/lone/MariesRestaurant /vendor/league/glide/src/Server.php(696): League\\Glide\\Api\\Api->run()
#8 /home/lone/MariesRestaurant /vendor/tastyigniter/core/src/Flame/Database/Attach/Manipulator.php(77): League\\Glide\\Server->makeImage()
#9 /home/lone/MariesRestaurant /vendor/tastyigniter/core/src/Flame/Database/Attach/Media.php(553): Igniter\\Flame\\Database\\Attach\\Manipulator->manipulate()
#10 /home/lone/MariesRestaurant /vendor/tastyigniter/core/src/Flame/Database/Attach/Media.php(473): Igniter\\Flame\\Database\\Attach\\Media->makeThumb()
#11 /home/lone/MariesRestaurant /vendor/tastyigniter/ti-theme-orange/resources/views/components/slider.blade.php(27): Igniter\\Flame\\Database\\Attach\\Media->getThumb()
#12 /home/lone/MariesRestaurant /vendor/laravel/framework/src/Illuminate/Filesystem/Filesystem.php(123): require('...')
#13 /home/lone/MariesRestaurant /vendor/laravel/framework/src/Illuminate/Filesystem/Filesystem.php(124): Illuminate\\Filesystem\\Filesystem::{closure:Illuminate\\Filesystem\\Filesystem::getRequire():120}()
#14 /home/lone/MariesRestaurant /vendor/laravel/framework/src/Illuminate/View/Engines/PhpEngine.php(57): Illuminate\\Filesystem\\Filesystem->getRequire()
#15 /home/lone/MariesRestaurant /vendor/livewire/livewire/src/Mechanisms/ExtendBlade/ExtendedCompilerEngine.php(22): Illuminate\\View\\Engines\\PhpEngine->evaluatePath()
#16 /home/lone/MariesRestaurant /vendor/laravel/framework/src/Illuminate/View/Engines/CompilerEngine.php(76): Livewire\\Mechanisms\\ExtendBlade\\ExtendedCompilerEngine->evaluatePath()
#17 /home/lone/MariesRestaurant /vendor/livewire/livewire/src/Mechanisms/ExtendBlade/ExtendedCompilerEngine.php(10): Illuminate\\View\\Engines\\CompilerEngine->get()
#18 /home/lone/MariesRestaurant /vendor/laravel/framework/src/Illuminate/View/View.php(208): Livewire\\Mechanisms\\ExtendBlade\\ExtendedCompilerEngine->get()
#19 /home/lone/MariesRestaurant /vendor/laravel/framework/src/Illuminate/View/View.php(191): Illuminate\\View\\View->getContents()
#20 /home/lone/MariesRestaurant /vendor/laravel/framework/src/Illuminate/View/View.php(160): Illuminate\\View\\View->renderContents()
#21 /home/lone/MariesRestaurant /vendor/laravel/framework/src/Illuminate/View/Concerns/ManagesComponents.php(99): Illuminate\\View\\View->render()
#22 /home/lone/MariesRestaurant /storage/framework/views/8ac5921c33ab5e0fb00ad3d726afaaa7.php(12): Illuminate\\View\\Factory->renderComponent()
#23 /home/lone/MariesRestaurant /vendor/tastyigniter/core/src/Flame/Pagic/Template.php(103): include('...')
#24 /home/lone/MariesRestaurant /vendor/tastyigniter/core/src/Flame/Pagic/Template.php(73): Igniter\\Flame\\Pagic\\Template->evaluatePath()
#25 /home/lone/MariesRestaurant /vendor/tastyigniter/core/src/Flame/Pagic/Template.php(53): Igniter\\Flame\\Pagic\\Template->getContents()
#26 /home/lone/MariesRestaurant /vendor/tastyigniter/core/src/Flame/Pagic/Environment.php(144): Igniter\\Flame\\Pagic\\Template->render()
#27 /home/lone/MariesRestaurant /vendor/tastyigniter/core/src/Main/Classes/MainController.php(201): Igniter\\Flame\\Pagic\\Environment->renderSource()
#28 /home/lone/MariesRestaurant /vendor/tastyigniter/core/src/Main/Classes/MainController.php(132): Igniter\\Main\\Classes\\MainController->runPage()
#29 /home/lone/MariesRestaurant /vendor/tastyigniter/core/src/Main/Classes/MainController.php(263): Igniter\\Main\\Classes\\MainController->remap()
#30 /home/lone/MariesRestaurant /vendor/laravel/framework/src/Illuminate/Routing/ControllerDispatcher.php(43): Igniter\\Main\\Classes\\MainController->callAction()
#31 /home/lone/MariesRestaurant /vendor/laravel/framework/src/Illuminate/Routing/Route.php(265): Illuminate\\Routing\\ControllerDispatcher->dispatch()
#32 /home/lone/MariesRestaurant /vendor/laravel/framework/src/Illuminate/Routing/Route.php(211): Illuminate\\Routing\\Route->runController()
#33 /home/lone/MariesRestaurant /vendor/laravel/framework/src/Illuminate/Routing/Router.php(822): Illuminate\\Routing\\Route->run()
#34 /home/lone/MariesRestaurant /vendor/laravel/framework/src/Illuminate/Pipeline/Pipeline.php(180): Illuminate\\Routing\\Router->{closure:Illuminate\\Routing\\Router::runRouteWithinStack():821}()
#35 /home/lone/MariesRestaurant /vendor/tastyigniter/ti-ext-cart/src/Http/Middleware/CartMiddleware.php(20): Illuminate\\Pipeline\\Pipeline->{closure:Illuminate\\Pipeline\\Pipeline::prepareDestination():178}()
#36 /home/lone/MariesRestaurant /vendor/laravel/framework/src/Illuminate/Pipeline/Pipeline.php(219): Igniter\\Cart\\Http\\Middleware\\CartMiddleware->handle()
#37 /home/lone/MariesRestaurant /vendor/tastyigniter/ti-theme-orange/src/Http/Middleware/SetOriginalRouteParametersOnLivewireRoute.php(25): Illuminate\\Pipeline\\Pipeline->{closure:{closure:Illuminate\\Pipeline\\Pipeline::carry():194}:195}()
#38 /home/lone/MariesRestaurant /vendor/laravel/framework/src/Illuminate/Pipeline/Pipeline.php(219): Igniter\\Orange\\Http\\Middleware\\SetOriginalRouteParametersOnLivewireRoute->handle()
#39 /home/lone/MariesRestaurant /vendor/tastyigniter/core/src/Main/Http/Middleware/CheckInitialSetup.php(21): Illuminate\\Pipeline\\Pipeline->{closure:{closure:Illuminate\\Pipeline\\Pipeline::carry():194}:195}()
#40 /home/lone/MariesRestaurant /vendor/laravel/framework/src/Illuminate/Pipeline/Pipeline.php(219): Igniter\\Main\\Http\\Middleware\\CheckInitialSetup->handle()
#41 /home/lone/MariesRestaurant /vendor/tastyigniter/core/src/Main/Http/Middleware/CheckMaintenance.php(25): Illuminate\\Pipeline\\Pipeline->{closure:{closure:Illuminate\\Pipeline\\Pipeline::carry():194}:195}()
#42 /home/lone/MariesRestaurant /vendor/laravel/framework/src/Illuminate/Pipeline/Pipeline.php(219): Igniter\\Main\\Http\\Middleware\\CheckMaintenance->handle()
#43 /home/lone/MariesRestaurant /vendor/tastyigniter/ti-ext-user/src/Http/Middleware/InjectImpersonateBanner.php(17): Illuminate\\Pipeline\\Pipeline->{closure:{closure:Illuminate\\Pipeline\\Pipeline::carry():194}:195}()
#44 /home/lone/MariesRestaurant /vendor/laravel/framework/src/Illuminate/Pipeline/Pipeline.php(219): Igniter\\User\\Http\\Middleware\\InjectImpersonateBanner->handle()
#45 /home/lone/MariesRestaurant /vendor/tastyigniter/ti-ext-local/src/Http/Middleware/CheckLocation.php(43): Illuminate\\Pipeline\\Pipeline->{closure:{closure:Illuminate\\Pipeline\\Pipeline::carry():194}:195}()
#46 /home/lone/MariesRestaurant /vendor/laravel/framework/src/Illuminate/Pipeline/Pipeline.php(219): Igniter\\Local\\Http\\Middleware\\CheckLocation->handle()
#47 /home/lone/MariesRestaurant /vendor/tastyigniter/core/src/System/Http/Middleware/PoweredBy.php(15): Illuminate\\Pipeline\\Pipeline->{closure:{closure:Illuminate\\Pipeline\\Pipeline::carry():194}:195}()
#48 /home/lone/MariesRestaurant /vendor/laravel/framework/src/Illuminate/Pipeline/Pipeline.php(219): Igniter\\System\\Http\\Middleware\\PoweredBy->handle()
#49 /home/lone/MariesRestaurant /vendor/tastyigniter/core/src/System/Http/Middleware/CheckRequirements.php(21): Illuminate\\Pipeline\\Pipeline->{closure:{closure:Illuminate\\Pipeline\\Pipeline::carry():194}:195}()
#50 /home/lone/MariesRestaurant /vendor/laravel/framework/src/Illuminate/Pipeline/Pipeline.php(219): Igniter\\System\\Http\\Middleware\\CheckRequirements->handle()
#51 /home/lone/MariesRestaurant /vendor/tastyigniter/core/src/Flame/Translation/Middleware/Localization.php(28): Illuminate\\Pipeline\\Pipeline->{closure:{closure:Illuminate\\Pipeline\\Pipeline::carry():194}:195}()
#52 /home/lone/MariesRestaurant /vendor/laravel/framework/src/Illuminate/Pipeline/Pipeline.php(219): Igniter\\Flame\\Translation\\Middleware\\Localization->handle()
#53 /home/lone/MariesRestaurant /vendor/laravel/framework/src/Illuminate/Routing/Middleware/SubstituteBindings.php(50): Illuminate\\Pipeline\\Pipeline->{closure:{closure:Illuminate\\Pipeline\\Pipeline::carry():194}:195}()
#54 /home/lone/MariesRestaurant /vendor/laravel/framework/src/Illuminate/Pipeline/Pipeline.php(219): Illuminate\\Routing\\Middleware\\SubstituteBindings->handle()
#55 /home/lone/MariesRestaurant /vendor/laravel/framework/src/Illuminate/Foundation/Http/Middleware/VerifyCsrfToken.php(87): Illuminate\\Pipeline\\Pipeline->{closure:{closure:Illuminate\\Pipeline\\Pipeline::carry():194}:195}()
#56 /home/lone/MariesRestaurant /vendor/laravel/framework/src/Illuminate/Pipeline/Pipeline.php(219): Illuminate\\Foundation\\Http\\Middleware\\VerifyCsrfToken->handle()
#57 /home/lone/MariesRestaurant /vendor/laravel/framework/src/Illuminate/View/Middleware/ShareErrorsFromSession.php(48): Illuminate\\Pipeline\\Pipeline->{closure:{closure:Illuminate\\Pipeline\\Pipeline::carry():194}:195}()
#58 /home/lone/MariesRestaurant /vendor/laravel/framework/src/Illuminate/Pipeline/Pipeline.php(219): Illuminate\\View\\Middleware\\ShareErrorsFromSession->handle()
#59 /home/lone/MariesRestaurant /vendor/laravel/framework/src/Illuminate/Session/Middleware/StartSession.php(120): Illuminate\\Pipeline\\Pipeline->{closure:{closure:Illuminate\\Pipeline\\Pipeline::carry():194}:195}()
#60 /home/lone/MariesRestaurant /vendor/laravel/framework/src/Illuminate/Session/Middleware/StartSession.php(63): Illuminate\\Session\\Middleware\\StartSession->handleStatefulRequest()
#61 /home/lone/MariesRestaurant /vendor/laravel/framework/src/Illuminate/Pipeline/Pipeline.php(219): Illuminate\\Session\\Middleware\\StartSession->handle()
#62 /home/lone/MariesRestaurant /vendor/laravel/framework/src/Illuminate/Cookie/Middleware/AddQueuedCookiesToResponse.php(36): Illuminate\\Pipeline\\Pipeline->{closure:{closure:Illuminate\\Pipeline\\Pipeline::carry():194}:195}()
#63 /home/lone/MariesRestaurant /vendor/laravel/framework/src/Illuminate/Pipeline/Pipeline.php(219): Illuminate\\Cookie\\Middleware\\AddQueuedCookiesToResponse->handle()
#64 /home/lone/MariesRestaurant /vendor/laravel/framework/src/Illuminate/Cookie/Middleware/EncryptCookies.php(74): Illuminate\\Pipeline\\Pipeline->{closure:{closure:Illuminate\\Pipeline\\Pipeline::carry():194}:195}()
#65 /home/lone/MariesRestaurant /vendor/laravel/framework/src/Illuminate/Pipeline/Pipeline.php(219): Illuminate\\Cookie\\Middleware\\EncryptCookies->handle()
#66 /home/lone/MariesRestaurant /vendor/laravel/framework/src/Illuminate/Pipeline/Pipeline.php(137): Illuminate\\Pipeline\\Pipeline->{closure:{closure:Illuminate\\Pipeline\\Pipeline::carry():194}:195}()
#67 /home/lone/MariesRestaurant /vendor/laravel/framework/src/Illuminate/Routing/Router.php(821): Illuminate\\Pipeline\\Pipeline->then()
#68 /home/lone/MariesRestaurant /vendor/laravel/framework/src/Illuminate/Routing/Router.php(800): Illuminate\\Routing\\Router->runRouteWithinStack()
#69 /home/lone/MariesRestaurant /vendor/laravel/framework/src/Illuminate/Routing/Router.php(764): Illuminate\\Routing\\Router->runRoute()
#70 /home/lone/MariesRestaurant /vendor/laravel/framework/src/Illuminate/Routing/Router.php(753): Illuminate\\Routing\\Router->dispatchToRoute()
#71 /home/lone/MariesRestaurant /vendor/laravel/framework/src/Illuminate/Foundation/Http/Kernel.php(200): Illuminate\\Routing\\Router->dispatch()
#72 /home/lone/MariesRestaurant /vendor/laravel/framework/src/Illuminate/Pipeline/Pipeline.php(180): Illuminate\\Foundation\\Http\\Kernel->{closure:Illuminate\\Foundation\\Http\\Kernel::dispatchToRouter():197}()
#73 /home/lone/MariesRestaurant /vendor/livewire/livewire/src/Features/SupportDisablingBackButtonCache/DisableBackButtonCacheMiddleware.php(19): Illuminate\\Pipeline\\Pipeline->{closure:Illuminate\\Pipeline\\Pipeline::prepareDestination():178}()
#74 /home/lone/MariesRestaurant /vendor/laravel/framework/src/Illuminate/Pipeline/Pipeline.php(219): Livewire\\Features\\SupportDisablingBackButtonCache\\DisableBackButtonCacheMiddleware->handle()
#75 /home/lone/MariesRestaurant /vendor/laravel/framework/src/Illuminate/Foundation/Http/Middleware/TransformsRequest.php(21): Illuminate\\Pipeline\\Pipeline->{closure:{closure:Illuminate\\Pipeline\\Pipeline::carry():194}:195}()
#76 /home/lone/MariesRestaurant /vendor/laravel/framework/src/Illuminate/Foundation/Http/Middleware/ConvertEmptyStringsToNull.php(31): Illuminate\\Foundation\\Http\\Middleware\\TransformsRequest->handle()
#77 /home/lone/MariesRestaurant /vendor/laravel/framework/src/Illuminate/Pipeline/Pipeline.php(219): Illuminate\\Foundation\\Http\\Middleware\\ConvertEmptyStringsToNull->handle()
#78 /home/lone/MariesRestaurant /vendor/laravel/framework/src/Illuminate/Foundation/Http/Middleware/TransformsRequest.php(21): Illuminate\\Pipeline\\Pipeline->{closure:{closure:Illuminate\\Pipeline\\Pipeline::carry():194}:195}()
#79 /home/lone/MariesRestaurant /vendor/laravel/framework/src/Illuminate/Foundation/Http/Middleware/TrimStrings.php(51): Illuminate\\Foundation\\Http\\Middleware\\TransformsRequest->handle()
#80 /home/lone/MariesRestaurant /vendor/laravel/framework/src/Illuminate/Pipeline/Pipeline.php(219): Illuminate\\Foundation\\Http\\Middleware\\TrimStrings->handle()
#81 /home/lone/MariesRestaurant /vendor/laravel/framework/src/Illuminate/Http/Middleware/ValidatePostSize.php(27): Illuminate\\Pipeline\\Pipeline->{closure:{closure:Illuminate\\Pipeline\\Pipeline::carry():194}:195}()
#82 /home/lone/MariesRestaurant /vendor/laravel/framework/src/Illuminate/Pipeline/Pipeline.php(219): Illuminate\\Http\\Middleware\\ValidatePostSize->handle()
#83 /home/lone/MariesRestaurant /vendor/laravel/framework/src/Illuminate/Foundation/Http/Middleware/PreventRequestsDuringMaintenance.php(109): Illuminate\\Pipeline\\Pipeline->{closure:{closure:Illuminate\\Pipeline\\Pipeline::carry():194}:195}()
#84 /home/lone/MariesRestaurant /vendor/laravel/framework/src/Illuminate/Pipeline/Pipeline.php(219): Illuminate\\Foundation\\Http\\Middleware\\PreventRequestsDuringMaintenance->handle()
#85 /home/lone/MariesRestaurant /vendor/laravel/framework/src/Illuminate/Http/Middleware/HandleCors.php(61): Illuminate\\Pipeline\\Pipeline->{closure:{closure:Illuminate\\Pipeline\\Pipeline::carry():194}:195}()
#86 /home/lone/MariesRestaurant /vendor/laravel/framework/src/Illuminate/Pipeline/Pipeline.php(219): Illuminate\\Http\\Middleware\\HandleCors->handle()
#87 /home/lone/MariesRestaurant /vendor/laravel/framework/src/Illuminate/Http/Middleware/TrustProxies.php(58): Illuminate\\Pipeline\\Pipeline->{closure:{closure:Illuminate\\Pipeline\\Pipeline::carry():194}:195}()
#88 /home/lone/MariesRestaurant /vendor/laravel/framework/src/Illuminate/Pipeline/Pipeline.php(219): Illuminate\\Http\\Middleware\\TrustProxies->handle()
#89 /home/lone/MariesRestaurant /vendor/laravel/framework/src/Illuminate/Pipeline/Pipeline.php(137): Illuminate\\Pipeline\\Pipeline->{closure:{closure:Illuminate\\Pipeline\\Pipeline::carry():194}:195}()
#90 /home/lone/MariesRestaurant /vendor/laravel/framework/src/Illuminate/Foundation/Http/Kernel.php(175): Illuminate\\Pipeline\\Pipeline->then()
#91 /home/lone/MariesRestaurant /vendor/laravel/framework/src/Illuminate/Foundation/Http/Kernel.php(144): Illuminate\\Foundation\\Http\\Kernel->sendRequestThroughRouter()
#92 /home/lone/MariesRestaurant /public/index.php(51): Illuminate\\Foundation\\Http\\Kernel->handle()
#93 /home/lone/MariesRestaurant /vendor/laravel/framework/src/Illuminate/Foundation/resources/server.php(23): require_once('...')
#94 {main}

[previous exception] [object] (Intervention\\Image\\Exception\\NotSupportedException(code: 0): Reading Exif data is not supported by this PHP installation. at /home/lone/MariesRestaurant /vendor/intervention/image/src/Intervention/Image/Commands/ExifCommand.php:22)
[stacktrace]
#0 /home/lone/MariesRestaurant /vendor/intervention/image/src/Intervention/Image/AbstractDriver.php(94): Intervention\\Image\\Commands\\ExifCommand->execute()
#1 /home/lone/MariesRestaurant /vendor/intervention/image/src/Intervention/Image/Image.php(108): Intervention\\Image\\AbstractDriver->executeCommand()
#2 /home/lone/MariesRestaurant /vendor/intervention/image/src/Intervention/Image/Commands/OrientateCommand.php(15): Intervention\\Image\\Image->__call()
#3 /home/lone/MariesRestaurant /vendor/intervention/image/src/Intervention/Image/AbstractDriver.php(94): Intervention\\Image\\Commands\\OrientateCommand->execute()
#4 /home/lone/MariesRestaurant /vendor/intervention/image/src/Intervention/Image/Image.php(108): Intervention\\Image\\AbstractDriver->executeCommand()
#5 /home/lone/MariesRestaurant /vendor/league/glide/src/Manipulators/Orientation.php(24): Intervention\\Image\\Image->__call()
#6 /home/lone/MariesRestaurant /vendor/league/glide/src/Api/Api.php(102): League\\Glide\\Manipulators\\Orientation->run()
#7 /home/lone/MariesRestaurant /vendor/league/glide/src/Server.php(696): League\\Glide\\Api\\Api->run()
#8 /home/lone/MariesRestaurant /vendor/tastyigniter/core/src/Flame/Database/Attach/Manipulator.php(77): League\\Glide\\Server->makeImage()
#9 /home/lone/MariesRestaurant /vendor/tastyigniter/core/src/Flame/Database/Attach/Media.php(553): Igniter\\Flame\\Database\\Attach\\Manipulator->manipulate()
#10 /home/lone/MariesRestaurant /vendor/tastyigniter/core/src/Flame/Database/Attach/Media.php(473): Igniter\\Flame\\Database\\Attach\\Media->makeThumb()
#11 /home/lone/MariesRestaurant /storage/framework/views/facb2ac50356a889ba8fad6ae1c4a408.php(27): Igniter\\Flame\\Database\\Attach\\Media->getThumb()
#12 /home/lone/MariesRestaurant /vendor/laravel/framework/src/Illuminate/Filesystem/Filesystem.php(123): require('...')
#13 /home/lone/MariesRestaurant /vendor/laravel/framework/src/Illuminate/Filesystem/Filesystem.php(124): Illuminate\\Filesystem\\Filesystem::{closure:Illuminate\\Filesystem\\Filesystem::getRequire():120}()
#14 /home/lone/MariesRestaurant /vendor/laravel/framework/src/Illuminate/View/Engines/PhpEngine.php(57): Illuminate\\Filesystem\\Filesystem->getRequire()
#15 /home/lone/MariesRestaurant /vendor/livewire/livewire/src/Mechanisms/ExtendBlade/ExtendedCompilerEngine.php(22): Illuminate\\View\\Engines\\PhpEngine->evaluatePath()
#16 /home/lone/MariesRestaurant /vendor/laravel/framework/src/Illuminate/View/Engines/CompilerEngine.php(76): Livewire\\Mechanisms\\ExtendBlade\\ExtendedCompilerEngine->evaluatePath()
#17 /home/lone/MariesRestaurant /vendor/livewire/livewire/src/Mechanisms/ExtendBlade/ExtendedCompilerEngine.php(10): Illuminate\\View\\Engines\\CompilerEngine->get()
#18 /home/lone/MariesRestaurant /vendor/laravel/framework/src/Illuminate/View/View.php(208): Livewire\\Mechanisms\\ExtendBlade\\ExtendedCompilerEngine->get()
#19 /home/lone/MariesRestaurant /vendor/laravel/framework/src/Illuminate/View/View.php(191): Illuminate\\View\\View->getContents()
#20 /home/lone/MariesRestaurant /vendor/laravel/framework/src/Illuminate/View/View.php(160): Illuminate\\View\\View->renderContents()
#21 /home/lone/MariesRestaurant /vendor/laravel/framework/src/Illuminate/View/Concerns/ManagesComponents.php(99): Illuminate\\View\\View->render()
#22 /home/lone/MariesRestaurant /storage/framework/views/8ac5921c33ab5e0fb00ad3d726afaaa7.php(12): Illuminate\\View\\Factory->renderComponent()
#23 /home/lone/MariesRestaurant /vendor/tastyigniter/core/src/Flame/Pagic/Template.php(103): include('...')
#24 /home/lone/MariesRestaurant /vendor/tastyigniter/core/src/Flame/Pagic/Template.php(73): Igniter\\Flame\\Pagic\\Template->evaluatePath()
#25 /home/lone/MariesRestaurant /vendor/tastyigniter/core/src/Flame/Pagic/Template.php(53): Igniter\\Flame\\Pagic\\Template->getContents()
#26 /home/lone/MariesRestaurant /vendor/tastyigniter/core/src/Flame/Pagic/Environment.php(144): Igniter\\Flame\\Pagic\\Template->render()
#27 /home/lone/MariesRestaurant /vendor/tastyigniter/core/src/Main/Classes/MainController.php(201): Igniter\\Flame\\Pagic\\Environment->renderSource()
#28 /home/lone/MariesRestaurant /vendor/tastyigniter/core/src/Main/Classes/MainController.php(132): Igniter\\Main\\Classes\\MainController->runPage()
#29 /home/lone/MariesRestaurant /vendor/tastyigniter/core/src/Main/Classes/MainController.php(263): Igniter\\Main\\Classes\\MainController->remap()
#30 /home/lone/MariesRestaurant /vendor/laravel/framework/src/Illuminate/Routing/ControllerDispatcher.php(43): Igniter\\Main\\Classes\\MainController->callAction()
#31 /home/lone/MariesRestaurant /vendor/laravel/framework/src/Illuminate/Routing/Route.php(265): Illuminate\\Routing\\ControllerDispatcher->dispatch()
#32 /home/lone/MariesRestaurant /vendor/laravel/framework/src/Illuminate/Routing/Route.php(211): Illuminate\\Routing\\Route->runController()
#33 /home/lone/MariesRestaurant /vendor/laravel/framework/src/Illuminate/Routing/Router.php(822): Illuminate\\Routing\\Route->run()
#34 /home/lone/MariesRestaurant /vendor/laravel/framework/src/Illuminate/Pipeline/Pipeline.php(180): Illuminate\\Routing\\Router->{closure:Illuminate\\Routing\\Router::runRouteWithinStack():821}()
#35 /home/lone/MariesRestaurant /vendor/tastyigniter/ti-ext-cart/src/Http/Middleware/CartMiddleware.php(20): Illuminate\\Pipeline\\Pipeline->{closure:Illuminate\\Pipeline\\Pipeline::prepareDestination():178}()
#36 /home/lone/MariesRestaurant /vendor/laravel/framework/src/Illuminate/Pipeline/Pipeline.php(219): Igniter\\Cart\\Http\\Middleware\\CartMiddleware->handle()
#37 /home/lone/MariesRestaurant /vendor/tastyigniter/ti-theme-orange/src/Http/Middleware/SetOriginalRouteParametersOnLivewireRoute.php(25): Illuminate\\Pipeline\\Pipeline->{closure:{closure:Illuminate\\Pipeline\\Pipeline::carry():194}:195}()
#38 /home/lone/MariesRestaurant /vendor/laravel/framework/src/Illuminate/Pipeline/Pipeline.php(219): Igniter\\Orange\\Http\\Middleware\\SetOriginalRouteParametersOnLivewireRoute->handle()
#39 /home/lone/MariesRestaurant /vendor/tastyigniter/core/src/Main/Http/Middleware/CheckInitialSetup.php(21): Illuminate\\Pipeline\\Pipeline->{closure:{closure:Illuminate\\Pipeline\\Pipeline::carry():194}:195}()
#40 /home/lone/MariesRestaurant /vendor/laravel/framework/src/Illuminate/Pipeline/Pipeline.php(219): Igniter\\Main\\Http\\Middleware\\CheckInitialSetup->handle()
#41 /home/lone/MariesRestaurant /vendor/tastyigniter/core/src/Main/Http/Middleware/CheckMaintenance.php(25): Illuminate\\Pipeline\\Pipeline->{closure:{closure:Illuminate\\Pipeline\\Pipeline::carry():194}:195}()
#42 /home/lone/MariesRestaurant /vendor/laravel/framework/src/Illuminate/Pipeline/Pipeline.php(219): Igniter\\Main\\Http\\Middleware\\CheckMaintenance->handle()
#43 /home/lone/MariesRestaurant /vendor/tastyigniter/ti-ext-user/src/Http/Middleware/InjectImpersonateBanner.php(17): Illuminate\\Pipeline\\Pipeline->{closure:{closure:Illuminate\\Pipeline\\Pipeline::carry():194}:195}()
#44 /home/lone/MariesRestaurant /vendor/laravel/framework/src/Illuminate/Pipeline/Pipeline.php(219): Igniter\\User\\Http\\Middleware\\InjectImpersonateBanner->handle()
#45 /home/lone/MariesRestaurant /vendor/tastyigniter/ti-ext-local/src/Http/Middleware/CheckLocation.php(43): Illuminate\\Pipeline\\Pipeline->{closure:{closure:Illuminate\\Pipeline\\Pipeline::carry():194}:195}()
#46 /home/lone/MariesRestaurant /vendor/laravel/framework/src/Illuminate/Pipeline/Pipeline.php(219): Igniter\\Local\\Http\\Middleware\\CheckLocation->handle()
#47 /home/lone/MariesRestaurant /vendor/tastyigniter/core/src/System/Http/Middleware/PoweredBy.php(15): Illuminate\\Pipeline\\Pipeline->{closure:{closure:Illuminate\\Pipeline\\Pipeline::carry():194}:195}()
#48 /home/lone/MariesRestaurant /vendor/laravel/framework/src/Illuminate/Pipeline/Pipeline.php(219): Igniter\\System\\Http\\Middleware\\PoweredBy->handle()
#49 /home/lone/MariesRestaurant /vendor/tastyigniter/core/src/System/Http/Middleware/CheckRequirements.php(21): Illuminate\\Pipeline\\Pipeline->{closure:{closure:Illuminate\\Pipeline\\Pipeline::carry():194}:195}()
#50 /home/lone/MariesRestaurant /vendor/laravel/framework/src/Illuminate/Pipeline/Pipeline.php(219): Igniter\\System\\Http\\Middleware\\CheckRequirements->handle()
#51 /home/lone/MariesRestaurant /vendor/tastyigniter/core/src/Flame/Translation/Middleware/Localization.php(28): Illuminate\\Pipeline\\Pipeline->{closure:{closure:Illuminate\\Pipeline\\Pipeline::carry():194}:195}()
#52 /home/lone/MariesRestaurant /vendor/laravel/framework/src/Illuminate/Pipeline/Pipeline.php(219): Igniter\\Flame\\Translation\\Middleware\\Localization->handle()
#53 /home/lone/MariesRestaurant /vendor/laravel/framework/src/Illuminate/Routing/Middleware/SubstituteBindings.php(50): Illuminate\\Pipeline\\Pipeline->{closure:{closure:Illuminate\\Pipeline\\Pipeline::carry():194}:195}()
#54 /home/lone/MariesRestaurant /vendor/laravel/framework/src/Illuminate/Pipeline/Pipeline.php(219): Illuminate\\Routing\\Middleware\\SubstituteBindings->handle()
#55 /home/lone/MariesRestaurant /vendor/laravel/framework/src/Illuminate/Foundation/Http/Middleware/VerifyCsrfToken.php(87): Illuminate\\Pipeline\\Pipeline->{closure:{closure:Illuminate\\Pipeline\\Pipeline::carry():194}:195}()
#56 /home/lone/MariesRestaurant /vendor/laravel/framework/src/Illuminate/Pipeline/Pipeline.php(219): Illuminate\\Foundation\\Http\\Middleware\\VerifyCsrfToken->handle()
#57 /home/lone/MariesRestaurant /vendor/laravel/framework/src/Illuminate/View/Middleware/ShareErrorsFromSession.php(48): Illuminate\\Pipeline\\Pipeline->{closure:{closure:Illuminate\\Pipeline\\Pipeline::carry():194}:195}()
#58 /home/lone/MariesRestaurant /vendor/laravel/framework/src/Illuminate/Pipeline/Pipeline.php(219): Illuminate\\View\\Middleware\\ShareErrorsFromSession->handle()
#59 /home/lone/MariesRestaurant /vendor/laravel/framework/src/Illuminate/Session/Middleware/StartSession.php(120): Illuminate\\Pipeline\\Pipeline->{closure:{closure:Illuminate\\Pipeline\\Pipeline::carry():194}:195}()
#60 /home/lone/MariesRestaurant /vendor/laravel/framework/src/Illuminate/Session/Middleware/StartSession.php(63): Illuminate\\Session\\Middleware\\StartSession->handleStatefulRequest()
#61 /home/lone/MariesRestaurant /vendor/laravel/framework/src/Illuminate/Pipeline/Pipeline.php(219): Illuminate\\Session\\Middleware\\StartSession->handle()
#62 /home/lone/MariesRestaurant /vendor/laravel/framework/src/Illuminate/Cookie/Middleware/AddQueuedCookiesToResponse.php(36): Illuminate\\Pipeline\\Pipeline->{closure:{closure:Illuminate\\Pipeline\\Pipeline::carry():194}:195}()
#63 /home/lone/MariesRestaurant /vendor/laravel/framework/src/Illuminate/Pipeline/Pipeline.php(219): Illuminate\\Cookie\\Middleware\\AddQueuedCookiesToResponse->handle()
#64 /home/lone/MariesRestaurant /vendor/laravel/framework/src/Illuminate/Cookie/Middleware/EncryptCookies.php(74): Illuminate\\Pipeline\\Pipeline->{closure:{closure:Illuminate\\Pipeline\\Pipeline::carry():194}:195}()
#65 /home/lone/MariesRestaurant /vendor/laravel/framework/src/Illuminate/Pipeline/Pipeline.php(219): Illuminate\\Cookie\\Middleware\\EncryptCookies->handle()
#66 /home/lone/MariesRestaurant /vendor/laravel/framework/src/Illuminate/Pipeline/Pipeline.php(137): Illuminate\\Pipeline\\Pipeline->{closure:{closure:Illuminate\\Pipeline\\Pipeline::carry():194}:195}()
#67 /home/lone/MariesRestaurant /vendor/laravel/framework/src/Illuminate/Routing/Router.php(821): Illuminate\\Pipeline\\Pipeline->then()
#68 /home/lone/MariesRestaurant /vendor/laravel/framework/src/Illuminate/Routing/Router.php(800): Illuminate\\Routing\\Router->runRouteWithinStack()
#69 /home/lone/MariesRestaurant /vendor/laravel/framework/src/Illuminate/Routing/Router.php(764): Illuminate\\Routing\\Router->runRoute()
#70 /home/lone/MariesRestaurant /vendor/laravel/framework/src/Illuminate/Routing/Router.php(753): Illuminate\\Routing\\Router->dispatchToRoute()
#71 /home/lone/MariesRestaurant /vendor/laravel/framework/src/Illuminate/Foundation/Http/Kernel.php(200): Illuminate\\Routing\\Router->dispatch()
#72 /home/lone/MariesRestaurant /vendor/laravel/framework/src/Illuminate/Pipeline/Pipeline.php(180): Illuminate\\Foundation\\Http\\Kernel->{closure:Illuminate\\Foundation\\Http\\Kernel::dispatchToRouter():197}()
#73 /home/lone/MariesRestaurant /vendor/livewire/livewire/src/Features/SupportDisablingBackButtonCache/DisableBackButtonCacheMiddleware.php(19): Illuminate\\Pipeline\\Pipeline->{closure:Illuminate\\Pipeline\\Pipeline::prepareDestination():178}()
#74 /home/lone/MariesRestaurant /vendor/laravel/framework/src/Illuminate/Pipeline/Pipeline.php(219): Livewire\\Features\\SupportDisablingBackButtonCache\\DisableBackButtonCacheMiddleware->handle()
#75 /home/lone/MariesRestaurant /vendor/laravel/framework/src/Illuminate/Foundation/Http/Middleware/TransformsRequest.php(21): Illuminate\\Pipeline\\Pipeline->{closure:{closure:Illuminate\\Pipeline\\Pipeline::carry():194}:195}()
#76 /home/lone/MariesRestaurant /vendor/laravel/framework/src/Illuminate/Foundation/Http/Middleware/ConvertEmptyStringsToNull.php(31): Illuminate\\Foundation\\Http\\Middleware\\TransformsRequest->handle()
#77 /home/lone/MariesRestaurant /vendor/laravel/framework/src/Illuminate/Pipeline/Pipeline.php(219): Illuminate\\Foundation\\Http\\Middleware\\ConvertEmptyStringsToNull->handle()
#78 /home/lone/MariesRestaurant /vendor/laravel/framework/src/Illuminate/Foundation/Http/Middleware/TransformsRequest.php(21): Illuminate\\Pipeline\\Pipeline->{closure:{closure:Illuminate\\Pipeline\\Pipeline::carry():194}:195}()
#79 /home/lone/MariesRestaurant /vendor/laravel/framework/src/Illuminate/Foundation/Http/Middleware/TrimStrings.php(51): Illuminate\\Foundation\\Http\\Middleware\\TransformsRequest->handle()
#80 /home/lone/MariesRestaurant /vendor/laravel/framework/src/Illuminate/Pipeline/Pipeline.php(219): Illuminate\\Foundation\\Http\\Middleware\\TrimStrings->handle()
#81 /home/lone/MariesRestaurant /vendor/laravel/framework/src/Illuminate/Http/Middleware/ValidatePostSize.php(27): Illuminate\\Pipeline\\Pipeline->{closure:{closure:Illuminate\\Pipeline\\Pipeline::carry():194}:195}()
#82 /home/lone/MariesRestaurant /vendor/laravel/framework/src/Illuminate/Pipeline/Pipeline.php(219): Illuminate\\Http\\Middleware\\ValidatePostSize->handle()
#83 /home/lone/MariesRestaurant /vendor/laravel/framework/src/Illuminate/Foundation/Http/Middleware/PreventRequestsDuringMaintenance.php(109): Illuminate\\Pipeline\\Pipeline->{closure:{closure:Illuminate\\Pipeline\\Pipeline::carry():194}:195}()
#84 /home/lone/MariesRestaurant /vendor/laravel/framework/src/Illuminate/Pipeline/Pipeline.php(219): Illuminate\\Foundation\\Http\\Middleware\\PreventRequestsDuringMaintenance->handle()
#85 /home/lone/MariesRestaurant /vendor/laravel/framework/src/Illuminate/Http/Middleware/HandleCors.php(61): Illuminate\\Pipeline\\Pipeline->{closure:{closure:Illuminate\\Pipeline\\Pipeline::carry():194}:195}()
#86 /home/lone/MariesRestaurant /vendor/laravel/framework/src/Illuminate/Pipeline/Pipeline.php(219): Illuminate\\Http\\Middleware\\HandleCors->handle()
#87 /home/lone/MariesRestaurant /vendor/laravel/framework/src/Illuminate/Http/Middleware/TrustProxies.php(58): Illuminate\\Pipeline\\Pipeline->{closure:{closure:Illuminate\\Pipeline\\Pipeline::carry():194}:195}()
#88 /home/lone/MariesRestaurant /vendor/laravel/framework/src/Illuminate/Pipeline/Pipeline.php(219): Illuminate\\Http\\Middleware\\TrustProxies->handle()
#89 /home/lone/MariesRestaurant /vendor/laravel/framework/src/Illuminate/Pipeline/Pipeline.php(137): Illuminate\\Pipeline\\Pipeline->{closure:{closure:Illuminate\\Pipeline\\Pipeline::carry():194}:195}()
#90 /home/lone/MariesRestaurant /vendor/laravel/framework/src/Illuminate/Foundation/Http/Kernel.php(175): Illuminate\\Pipeline\\Pipeline->then()
#91 /home/lone/MariesRestaurant /vendor/laravel/framework/src/Illuminate/Foundation/Http/Kernel.php(144): Illuminate\\Foundation\\Http\\Kernel->sendRequestThroughRouter()
#92 /home/lone/MariesRestaurant /public/index.php(51): Illuminate\\Foundation\\Http\\Kernel->handle()
#93 /home/lone/MariesRestaurant /vendor/laravel/framework/src/Illuminate/Foundation/resources/server.php(23): require_once('...')
#94 {main}
"} 
[2026-08-11 17:26:37] production.ERROR: Reading Exif data is not supported by this PHP installation. {"exception":"[object] (Spatie\\LaravelIgnition\\Exceptions\\ViewException(code: 0): Reading Exif data is not supported by this PHP installation. at /home/lone/MariesRestaurant /vendor/intervention/image/src/Intervention/Image/Commands/ExifCommand.php:22)
[stacktrace]
#0 /home/lone/MariesRestaurant /vendor/intervention/image/src/Intervention/Image/AbstractDriver.php(94): Intervention\\Image\\Commands\\ExifCommand->execute()
#1 /home/lone/MariesRestaurant /vendor/intervention/image/src/Intervention/Image/Image.php(108): Intervention\\Image\\AbstractDriver->executeCommand()
#2 /home/lone/MariesRestaurant /vendor/intervention/image/src/Intervention/Image/Commands/OrientateCommand.php(15): Intervention\\Image\\Image->__call()
#3 /home/lone/MariesRestaurant /vendor/intervention/image/src/Intervention/Image/AbstractDriver.php(94): Intervention\\Image\\Commands\\OrientateCommand->execute()
#4 /home/lone/MariesRestaurant /vendor/intervention/image/src/Intervention/Image/Image.php(108): Intervention\\Image\\AbstractDriver->executeCommand()
#5 /home/lone/MariesRestaurant /vendor/league/glide/src/Manipulators/Orientation.php(24): Intervention\\Image\\Image->__call()
#6 /home/lone/MariesRestaurant /vendor/league/glide/src/Api/Api.php(102): League\\Glide\\Manipulators\\Orientation->run()
#7 /home/lone/MariesRestaurant /vendor/league/glide/src/Server.php(696): League\\Glide\\Api\\Api->run()
#8 /home/lone/MariesRestaurant /vendor/tastyigniter/core/src/Flame/Database/Attach/Manipulator.php(77): League\\Glide\\Server->makeImage()
#9 /home/lone/MariesRestaurant /vendor/tastyigniter/core/src/Flame/Database/Attach/Media.php(553): Igniter\\Flame\\Database\\Attach\\Manipulator->manipulate()
#10 /home/lone/MariesRestaurant /vendor/tastyigniter/core/src/Flame/Database/Attach/Media.php(473): Igniter\\Flame\\Database\\Attach\\Media->makeThumb()
#11 /home/lone/MariesRestaurant /vendor/tastyigniter/ti-theme-orange/resources/views/components/slider.blade.php(27): Igniter\\Flame\\Database\\Attach\\Media->getThumb()
#12 /home/lone/MariesRestaurant /vendor/laravel/framework/src/Illuminate/Filesystem/Filesystem.php(123): require('...')
#13 /home/lone/MariesRestaurant /vendor/laravel/framework/src/Illuminate/Filesystem/Filesystem.php(124): Illuminate\\Filesystem\\Filesystem::{closure:Illuminate\\Filesystem\\Filesystem::getRequire():120}()
#14 /home/lone/MariesRestaurant /vendor/laravel/framework/src/Illuminate/View/Engines/PhpEngine.php(57): Illuminate\\Filesystem\\Filesystem->getRequire()
#15 /home/lone/MariesRestaurant /vendor/livewire/livewire/src/Mechanisms/ExtendBlade/ExtendedCompilerEngine.php(22): Illuminate\\View\\Engines\\PhpEngine->evaluatePath()
#16 /home/lone/MariesRestaurant /vendor/laravel/framework/src/Illuminate/View/Engines/CompilerEngine.php(76): Livewire\\Mechanisms\\ExtendBlade\\ExtendedCompilerEngine->evaluatePath()
#17 /home/lone/MariesRestaurant /vendor/livewire/livewire/src/Mechanisms/ExtendBlade/ExtendedCompilerEngine.php(10): Illuminate\\View\\Engines\\CompilerEngine->get()
#18 /home/lone/MariesRestaurant /vendor/laravel/framework/src/Illuminate/View/View.php(208): Livewire\\Mechanisms\\ExtendBlade\\ExtendedCompilerEngine->get()
#19 /home/lone/MariesRestaurant /vendor/laravel/framework/src/Illuminate/View/View.php(191): Illuminate\\View\\View->getContents()
#20 /home/lone/MariesRestaurant /vendor/laravel/framework/src/Illuminate/View/View.php(160): Illuminate\\View\\View->renderContents()
#21 /home/lone/MariesRestaurant /vendor/laravel/framework/src/Illuminate/View/Concerns/ManagesComponents.php(99): Illuminate\\View\\View->render()
#22 /home/lone/MariesRestaurant /storage/framework/views/8ac5921c33ab5e0fb00ad3d726afaaa7.php(12): Illuminate\\View\\Factory->renderComponent()
#23 /home/lone/MariesRestaurant /vendor/tastyigniter/core/src/Flame/Pagic/Template.php(103): include('...')
#24 /home/lone/MariesRestaurant /vendor/tastyigniter/core/src/Flame/Pagic/Template.php(73): Igniter\\Flame\\Pagic\\Template->evaluatePath()
#25 /home/lone/MariesRestaurant /vendor/tastyigniter/core/src/Flame/Pagic/Template.php(53): Igniter\\Flame\\Pagic\\Template->getContents()
#26 /home/lone/MariesRestaurant /vendor/tastyigniter/core/src/Flame/Pagic/Environment.php(144): Igniter\\Flame\\Pagic\\Template->render()
#27 /home/lone/MariesRestaurant /vendor/tastyigniter/core/src/Main/Classes/MainController.php(201): Igniter\\Flame\\Pagic\\Environment->renderSource()
#28 /home/lone/MariesRestaurant /vendor/tastyigniter/core/src/Main/Classes/MainController.php(132): Igniter\\Main\\Classes\\MainController->runPage()
#29 /home/lone/MariesRestaurant /vendor/tastyigniter/core/src/Main/Classes/MainController.php(263): Igniter\\Main\\Classes\\MainController->remap()
#30 /home/lone/MariesRestaurant /vendor/laravel/framework/src/Illuminate/Routing/ControllerDispatcher.php(43): Igniter\\Main\\Classes\\MainController->callAction()
#31 /home/lone/MariesRestaurant /vendor/laravel/framework/src/Illuminate/Routing/Route.php(265): Illuminate\\Routing\\ControllerDispatcher->dispatch()
#32 /home/lone/MariesRestaurant /vendor/laravel/framework/src/Illuminate/Routing/Route.php(211): Illuminate\\Routing\\Route->runController()
#33 /home/lone/MariesRestaurant /vendor/laravel/framework/src/Illuminate/Routing/Router.php(822): Illuminate\\Routing\\Route->run()
#34 /home/lone/MariesRestaurant /vendor/laravel/framework/src/Illuminate/Pipeline/Pipeline.php(180): Illuminate\\Routing\\Router->{closure:Illuminate\\Routing\\Router::runRouteWithinStack():821}()
#35 /home/lone/MariesRestaurant /vendor/tastyigniter/ti-ext-cart/src/Http/Middleware/CartMiddleware.php(20): Illuminate\\Pipeline\\Pipeline->{closure:Illuminate\\Pipeline\\Pipeline::prepareDestination():178}()
#36 /home/lone/MariesRestaurant /vendor/laravel/framework/src/Illuminate/Pipeline/Pipeline.php(219): Igniter\\Cart\\Http\\Middleware\\CartMiddleware->handle()
#37 /home/lone/MariesRestaurant /vendor/tastyigniter/ti-theme-orange/src/Http/Middleware/SetOriginalRouteParametersOnLivewireRoute.php(25): Illuminate\\Pipeline\\Pipeline->{closure:{closure:Illuminate\\Pipeline\\Pipeline::carry():194}:195}()
#38 /home/lone/MariesRestaurant /vendor/laravel/framework/src/Illuminate/Pipeline/Pipeline.php(219): Igniter\\Orange\\Http\\Middleware\\SetOriginalRouteParametersOnLivewireRoute->handle()
#39 /home/lone/MariesRestaurant /vendor/tastyigniter/core/src/Main/Http/Middleware/CheckInitialSetup.php(21): Illuminate\\Pipeline\\Pipeline->{closure:{closure:Illuminate\\Pipeline\\Pipeline::carry():194}:195}()
#40 /home/lone/MariesRestaurant /vendor/laravel/framework/src/Illuminate/Pipeline/Pipeline.php(219): Igniter\\Main\\Http\\Middleware\\CheckInitialSetup->handle()
#41 /home/lone/MariesRestaurant /vendor/tastyigniter/core/src/Main/Http/Middleware/CheckMaintenance.php(25): Illuminate\\Pipeline\\Pipeline->{closure:{closure:Illuminate\\Pipeline\\Pipeline::carry():194}:195}()
#42 /home/lone/MariesRestaurant /vendor/laravel/framework/src/Illuminate/Pipeline/Pipeline.php(219): Igniter\\Main\\Http\\Middleware\\CheckMaintenance->handle()
#43 /home/lone/MariesRestaurant /vendor/tastyigniter/ti-ext-user/src/Http/Middleware/InjectImpersonateBanner.php(17): Illuminate\\Pipeline\\Pipeline->{closure:{closure:Illuminate\\Pipeline\\Pipeline::carry():194}:195}()
#44 /home/lone/MariesRestaurant /vendor/laravel/framework/src/Illuminate/Pipeline/Pipeline.php(219): Igniter\\User\\Http\\Middleware\\InjectImpersonateBanner->handle()
#45 /home/lone/MariesRestaurant /vendor/tastyigniter/ti-ext-local/src/Http/Middleware/CheckLocation.php(43): Illuminate\\Pipeline\\Pipeline->{closure:{closure:Illuminate\\Pipeline\\Pipeline::carry():194}:195}()
#46 /home/lone/MariesRestaurant /vendor/laravel/framework/src/Illuminate/Pipeline/Pipeline.php(219): Igniter\\Local\\Http\\Middleware\\CheckLocation->handle()
#47 /home/lone/MariesRestaurant /vendor/tastyigniter/core/src/System/Http/Middleware/PoweredBy.php(15): Illuminate\\Pipeline\\Pipeline->{closure:{closure:Illuminate\\Pipeline\\Pipeline::carry():194}:195}()
#48 /home/lone/MariesRestaurant /vendor/laravel/framework/src/Illuminate/Pipeline/Pipeline.php(219): Igniter\\System\\Http\\Middleware\\PoweredBy->handle()
#49 /home/lone/MariesRestaurant /vendor/tastyigniter/core/src/System/Http/Middleware/CheckRequirements.php(21): Illuminate\\Pipeline\\Pipeline->{closure:{closure:Illuminate\\Pipeline\\Pipeline::carry():194}:195}()
#50 /home/lone/MariesRestaurant /vendor/laravel/framework/src/Illuminate/Pipeline/Pipeline.php(219): Igniter\\System\\Http\\Middleware\\CheckRequirements->handle()
#51 /home/lone/MariesRestaurant /vendor/tastyigniter/core/src/Flame/Translation/Middleware/Localization.php(28): Illuminate\\Pipeline\\Pipeline->{closure:{closure:Illuminate\\Pipeline\\Pipeline::carry():194}:195}()
#52 /home/lone/MariesRestaurant /vendor/laravel/framework/src/Illuminate/Pipeline/Pipeline.php(219): Igniter\\Flame\\Translation\\Middleware\\Localization->handle()
#53 /home/lone/MariesRestaurant /vendor/laravel/framework/src/Illuminate/Routing/Middleware/SubstituteBindings.php(50): Illuminate\\Pipeline\\Pipeline->{closure:{closure:Illuminate\\Pipeline\\Pipeline::carry():194}:195}()
#54 /home/lone/MariesRestaurant /vendor/laravel/framework/src/Illuminate/Pipeline/Pipeline.php(219): Illuminate\\Routing\\Middleware\\SubstituteBindings->handle()
#55 /home/lone/MariesRestaurant /vendor/laravel/framework/src/Illuminate/Foundation/Http/Middleware/VerifyCsrfToken.php(87): Illuminate\\Pipeline\\Pipeline->{closure:{closure:Illuminate\\Pipeline\\Pipeline::carry():194}:195}()
#56 /home/lone/MariesRestaurant /vendor/laravel/framework/src/Illuminate/Pipeline/Pipeline.php(219): Illuminate\\Foundation\\Http\\Middleware\\VerifyCsrfToken->handle()
#57 /home/lone/MariesRestaurant /vendor/laravel/framework/src/Illuminate/View/Middleware/ShareErrorsFromSession.php(48): Illuminate\\Pipeline\\Pipeline->{closure:{closure:Illuminate\\Pipeline\\Pipeline::carry():194}:195}()
#58 /home/lone/MariesRestaurant /vendor/laravel/framework/src/Illuminate/Pipeline/Pipeline.php(219): Illuminate\\View\\Middleware\\ShareErrorsFromSession->handle()
#59 /home/lone/MariesRestaurant /vendor/laravel/framework/src/Illuminate/Session/Middleware/StartSession.php(120): Illuminate\\Pipeline\\Pipeline->{closure:{closure:Illuminate\\Pipeline\\Pipeline::carry():194}:195}()
#60 /home/lone/MariesRestaurant /vendor/laravel/framework/src/Illuminate/Session/Middleware/StartSession.php(63): Illuminate\\Session\\Middleware\\StartSession->handleStatefulRequest()
#61 /home/lone/MariesRestaurant /vendor/laravel/framework/src/Illuminate/Pipeline/Pipeline.php(219): Illuminate\\Session\\Middleware\\StartSession->handle()
#62 /home/lone/MariesRestaurant /vendor/laravel/framework/src/Illuminate/Cookie/Middleware/AddQueuedCookiesToResponse.php(36): Illuminate\\Pipeline\\Pipeline->{closure:{closure:Illuminate\\Pipeline\\Pipeline::carry():194}:195}()
#63 /home/lone/MariesRestaurant /vendor/laravel/framework/src/Illuminate/Pipeline/Pipeline.php(219): Illuminate\\Cookie\\Middleware\\AddQueuedCookiesToResponse->handle()
#64 /home/lone/MariesRestaurant /vendor/laravel/framework/src/Illuminate/Cookie/Middleware/EncryptCookies.php(74): Illuminate\\Pipeline\\Pipeline->{closure:{closure:Illuminate\\Pipeline\\Pipeline::carry():194}:195}()
#65 /home/lone/MariesRestaurant /vendor/laravel/framework/src/Illuminate/Pipeline/Pipeline.php(219): Illuminate\\Cookie\\Middleware\\EncryptCookies->handle()
#66 /home/lone/MariesRestaurant /vendor/laravel/framework/src/Illuminate/Pipeline/Pipeline.php(137): Illuminate\\Pipeline\\Pipeline->{closure:{closure:Illuminate\\Pipeline\\Pipeline::carry():194}:195}()
#67 /home/lone/MariesRestaurant /vendor/laravel/framework/src/Illuminate/Routing/Router.php(821): Illuminate\\Pipeline\\Pipeline->then()
#68 /home/lone/MariesRestaurant /vendor/laravel/framework/src/Illuminate/Routing/Router.php(800): Illuminate\\Routing\\Router->runRouteWithinStack()
#69 /home/lone/MariesRestaurant /vendor/laravel/framework/src/Illuminate/Routing/Router.php(764): Illuminate\\Routing\\Router->runRoute()
#70 /home/lone/MariesRestaurant /vendor/laravel/framework/src/Illuminate/Routing/Router.php(753): Illuminate\\Routing\\Router->dispatchToRoute()
#71 /home/lone/MariesRestaurant /vendor/laravel/framework/src/Illuminate/Foundation/Http/Kernel.php(200): Illuminate\\Routing\\Router->dispatch()
#72 /home/lone/MariesRestaurant /vendor/laravel/framework/src/Illuminate/Pipeline/Pipeline.php(180): Illuminate\\Foundation\\Http\\Kernel->{closure:Illuminate\\Foundation\\Http\\Kernel::dispatchToRouter():197}()
#73 /home/lone/MariesRestaurant /vendor/livewire/livewire/src/Features/SupportDisablingBackButtonCache/DisableBackButtonCacheMiddleware.php(19): Illuminate\\Pipeline\\Pipeline->{closure:Illuminate\\Pipeline\\Pipeline::prepareDestination():178}()
#74 /home/lone/MariesRestaurant /vendor/laravel/framework/src/Illuminate/Pipeline/Pipeline.php(219): Livewire\\Features\\SupportDisablingBackButtonCache\\DisableBackButtonCacheMiddleware->handle()
#75 /home/lone/MariesRestaurant /vendor/laravel/framework/src/Illuminate/Foundation/Http/Middleware/TransformsRequest.php(21): Illuminate\\Pipeline\\Pipeline->{closure:{closure:Illuminate\\Pipeline\\Pipeline::carry():194}:195}()
#76 /home/lone/MariesRestaurant /vendor/laravel/framework/src/Illuminate/Foundation/Http/Middleware/ConvertEmptyStringsToNull.php(31): Illuminate\\Foundation\\Http\\Middleware\\TransformsRequest->handle()
#77 /home/lone/MariesRestaurant /vendor/laravel/framework/src/Illuminate/Pipeline/Pipeline.php(219): Illuminate\\Foundation\\Http\\Middleware\\ConvertEmptyStringsToNull->handle()
#78 /home/lone/MariesRestaurant /vendor/laravel/framework/src/Illuminate/Foundation/Http/Middleware/TransformsRequest.php(21): Illuminate\\Pipeline\\Pipeline->{closure:{closure:Illuminate\\Pipeline\\Pipeline::carry():194}:195}()
#79 /home/lone/MariesRestaurant /vendor/laravel/framework/src/Illuminate/Foundation/Http/Middleware/TrimStrings.php(51): Illuminate\\Foundation\\Http\\Middleware\\TransformsRequest->handle()
#80 /home/lone/MariesRestaurant /vendor/laravel/framework/src/Illuminate/Pipeline/Pipeline.php(219): Illuminate\\Foundation\\Http\\Middleware\\TrimStrings->handle()
#81 /home/lone/MariesRestaurant /vendor/laravel/framework/src/Illuminate/Http/Middleware/ValidatePostSize.php(27): Illuminate\\Pipeline\\Pipeline->{closure:{closure:Illuminate\\Pipeline\\Pipeline::carry():194}:195}()
#82 /home/lone/MariesRestaurant /vendor/laravel/framework/src/Illuminate/Pipeline/Pipeline.php(219): Illuminate\\Http\\Middleware\\ValidatePostSize->handle()
#83 /home/lone/MariesRestaurant /vendor/laravel/framework/src/Illuminate/Foundation/Http/Middleware/PreventRequestsDuringMaintenance.php(109): Illuminate\\Pipeline\\Pipeline->{closure:{closure:Illuminate\\Pipeline\\Pipeline::carry():194}:195}()
#84 /home/lone/MariesRestaurant /vendor/laravel/framework/src/Illuminate/Pipeline/Pipeline.php(219): Illuminate\\Foundation\\Http\\Middleware\\PreventRequestsDuringMaintenance->handle()
#85 /home/lone/MariesRestaurant /vendor/laravel/framework/src/Illuminate/Http/Middleware/HandleCors.php(61): Illuminate\\Pipeline\\Pipeline->{closure:{closure:Illuminate\\Pipeline\\Pipeline::carry():194}:195}()
#86 /home/lone/MariesRestaurant /vendor/laravel/framework/src/Illuminate/Pipeline/Pipeline.php(219): Illuminate\\Http\\Middleware\\HandleCors->handle()
#87 /home/lone/MariesRestaurant /vendor/laravel/framework/src/Illuminate/Http/Middleware/TrustProxies.php(58): Illuminate\\Pipeline\\Pipeline->{closure:{closure:Illuminate\\Pipeline\\Pipeline::carry():194}:195}()
#88 /home/lone/MariesRestaurant /vendor/laravel/framework/src/Illuminate/Pipeline/Pipeline.php(219): Illuminate\\Http\\Middleware\\TrustProxies->handle()
#89 /home/lone/MariesRestaurant /vendor/laravel/framework/src/Illuminate/Pipeline/Pipeline.php(137): Illuminate\\Pipeline\\Pipeline->{closure:{closure:Illuminate\\Pipeline\\Pipeline::carry():194}:195}()
#90 /home/lone/MariesRestaurant /vendor/laravel/framework/src/Illuminate/Foundation/Http/Kernel.php(175): Illuminate\\Pipeline\\Pipeline->then()
#91 /home/lone/MariesRestaurant /vendor/laravel/framework/src/Illuminate/Foundation/Http/Kernel.php(144): Illuminate\\Foundation\\Http\\Kernel->sendRequestThroughRouter()
#92 /home/lone/MariesRestaurant /public/index.php(51): Illuminate\\Foundation\\Http\\Kernel->handle()
#93 /home/lone/MariesRestaurant /vendor/laravel/framework/src/Illuminate/Foundation/resources/server.php(23): require_once('...')
#94 {main}

[previous exception] [object] (Intervention\\Image\\Exception\\NotSupportedException(code: 0): Reading Exif data is not supported by this PHP installation. at /home/lone/MariesRestaurant /vendor/intervention/image/src/Intervention/Image/Commands/ExifCommand.php:22)
[stacktrace]
#0 /home/lone/MariesRestaurant /vendor/intervention/image/src/Intervention/Image/AbstractDriver.php(94): Intervention\\Image\\Commands\\ExifCommand->execute()
#1 /home/lone/MariesRestaurant /vendor/intervention/image/src/Intervention/Image/Image.php(108): Intervention\\Image\\AbstractDriver->executeCommand()
#2 /home/lone/MariesRestaurant /vendor/intervention/image/src/Intervention/Image/Commands/OrientateCommand.php(15): Intervention\\Image\\Image->__call()
#3 /home/lone/MariesRestaurant /vendor/intervention/image/src/Intervention/Image/AbstractDriver.php(94): Intervention\\Image\\Commands\\OrientateCommand->execute()
#4 /home/lone/MariesRestaurant /vendor/intervention/image/src/Intervention/Image/Image.php(108): Intervention\\Image\\AbstractDriver->executeCommand()
#5 /home/lone/MariesRestaurant /vendor/league/glide/src/Manipulators/Orientation.php(24): Intervention\\Image\\Image->__call()
#6 /home/lone/MariesRestaurant /vendor/league/glide/src/Api/Api.php(102): League\\Glide\\Manipulators\\Orientation->run()
#7 /home/lone/MariesRestaurant /vendor/league/glide/src/Server.php(696): League\\Glide\\Api\\Api->run()
#8 /home/lone/MariesRestaurant /vendor/tastyigniter/core/src/Flame/Database/Attach/Manipulator.php(77): League\\Glide\\Server->makeImage()
#9 /home/lone/MariesRestaurant /vendor/tastyigniter/core/src/Flame/Database/Attach/Media.php(553): Igniter\\Flame\\Database\\Attach\\Manipulator->manipulate()
#10 /home/lone/MariesRestaurant /vendor/tastyigniter/core/src/Flame/Database/Attach/Media.php(473): Igniter\\Flame\\Database\\Attach\\Media->makeThumb()
#11 /home/lone/MariesRestaurant /storage/framework/views/facb2ac50356a889ba8fad6ae1c4a408.php(27): Igniter\\Flame\\Database\\Attach\\Media->getThumb()
#12 /home/lone/MariesRestaurant /vendor/laravel/framework/src/Illuminate/Filesystem/Filesystem.php(123): require('...')
#13 /home/lone/MariesRestaurant /vendor/laravel/framework/src/Illuminate/Filesystem/Filesystem.php(124): Illuminate\\Filesystem\\Filesystem::{closure:Illuminate\\Filesystem\\Filesystem::getRequire():120}()
#14 /home/lone/MariesRestaurant /vendor/laravel/framework/src/Illuminate/View/Engines/PhpEngine.php(57): Illuminate\\Filesystem\\Filesystem->getRequire()
#15 /home/lone/MariesRestaurant /vendor/livewire/livewire/src/Mechanisms/ExtendBlade/ExtendedCompilerEngine.php(22): Illuminate\\View\\Engines\\PhpEngine->evaluatePath()
#16 /home/lone/MariesRestaurant /vendor/laravel/framework/src/Illuminate/View/Engines/CompilerEngine.php(76): Livewire\\Mechanisms\\ExtendBlade\\ExtendedCompilerEngine->evaluatePath()
#17 /home/lone/MariesRestaurant /vendor/livewire/livewire/src/Mechanisms/ExtendBlade/ExtendedCompilerEngine.php(10): Illuminate\\View\\Engines\\CompilerEngine->get()
#18 /home/lone/MariesRestaurant /vendor/laravel/framework/src/Illuminate/View/View.php(208): Livewire\\Mechanisms\\ExtendBlade\\ExtendedCompilerEngine->get()
#19 /home/lone/MariesRestaurant /vendor/laravel/framework/src/Illuminate/View/View.php(191): Illuminate\\View\\View->getContents()
#20 /home/lone/MariesRestaurant /vendor/laravel/framework/src/Illuminate/View/View.php(160): Illuminate\\View\\View->renderContents()
#21 /home/lone/MariesRestaurant /vendor/laravel/framework/src/Illuminate/View/Concerns/ManagesComponents.php(99): Illuminate\\View\\View->render()
#22 /home/lone/MariesRestaurant /storage/framework/views/8ac5921c33ab5e0fb00ad3d726afaaa7.php(12): Illuminate\\View\\Factory->renderComponent()
#23 /home/lone/MariesRestaurant /vendor/tastyigniter/core/src/Flame/Pagic/Template.php(103): include('...')
#24 /home/lone/MariesRestaurant /vendor/tastyigniter/core/src/Flame/Pagic/Template.php(73): Igniter\\Flame\\Pagic\\Template->evaluatePath()
#25 /home/lone/MariesRestaurant /vendor/tastyigniter/core/src/Flame/Pagic/Template.php(53): Igniter\\Flame\\Pagic\\Template->getContents()
#26 /home/lone/MariesRestaurant /vendor/tastyigniter/core/src/Flame/Pagic/Environment.php(144): Igniter\\Flame\\Pagic\\Template->render()
#27 /home/lone/MariesRestaurant /vendor/tastyigniter/core/src/Main/Classes/MainController.php(201): Igniter\\Flame\\Pagic\\Environment->renderSource()
#28 /home/lone/MariesRestaurant /vendor/tastyigniter/core/src/Main/Classes/MainController.php(132): Igniter\\Main\\Classes\\MainController->runPage()
#29 /home/lone/MariesRestaurant /vendor/tastyigniter/core/src/Main/Classes/MainController.php(263): Igniter\\Main\\Classes\\MainController->remap()
#30 /home/lone/MariesRestaurant /vendor/laravel/framework/src/Illuminate/Routing/ControllerDispatcher.php(43): Igniter\\Main\\Classes\\MainController->callAction()
#31 /home/lone/MariesRestaurant /vendor/laravel/framework/src/Illuminate/Routing/Route.php(265): Illuminate\\Routing\\ControllerDispatcher->dispatch()
#32 /home/lone/MariesRestaurant /vendor/laravel/framework/src/Illuminate/Routing/Route.php(211): Illuminate\\Routing\\Route->runController()
#33 /home/lone/MariesRestaurant /vendor/laravel/framework/src/Illuminate/Routing/Router.php(822): Illuminate\\Routing\\Route->run()
#34 /home/lone/MariesRestaurant /vendor/laravel/framework/src/Illuminate/Pipeline/Pipeline.php(180): Illuminate\\Routing\\Router->{closure:Illuminate\\Routing\\Router::runRouteWithinStack():821}()
#35 /home/lone/MariesRestaurant /vendor/tastyigniter/ti-ext-cart/src/Http/Middleware/CartMiddleware.php(20): Illuminate\\Pipeline\\Pipeline->{closure:Illuminate\\Pipeline\\Pipeline::prepareDestination():178}()
#36 /home/lone/MariesRestaurant /vendor/laravel/framework/src/Illuminate/Pipeline/Pipeline.php(219): Igniter\\Cart\\Http\\Middleware\\CartMiddleware->handle()
#37 /home/lone/MariesRestaurant /vendor/tastyigniter/ti-theme-orange/src/Http/Middleware/SetOriginalRouteParametersOnLivewireRoute.php(25): Illuminate\\Pipeline\\Pipeline->{closure:{closure:Illuminate\\Pipeline\\Pipeline::carry():194}:195}()
#38 /home/lone/MariesRestaurant /vendor/laravel/framework/src/Illuminate/Pipeline/Pipeline.php(219): Igniter\\Orange\\Http\\Middleware\\SetOriginalRouteParametersOnLivewireRoute->handle()
#39 /home/lone/MariesRestaurant /vendor/tastyigniter/core/src/Main/Http/Middleware/CheckInitialSetup.php(21): Illuminate\\Pipeline\\Pipeline->{closure:{closure:Illuminate\\Pipeline\\Pipeline::carry():194}:195}()
#40 /home/lone/MariesRestaurant /vendor/laravel/framework/src/Illuminate/Pipeline/Pipeline.php(219): Igniter\\Main\\Http\\Middleware\\CheckInitialSetup->handle()
#41 /home/lone/MariesRestaurant /vendor/tastyigniter/core/src/Main/Http/Middleware/CheckMaintenance.php(25): Illuminate\\Pipeline\\Pipeline->{closure:{closure:Illuminate\\Pipeline\\Pipeline::carry():194}:195}()
#42 /home/lone/MariesRestaurant /vendor/laravel/framework/src/Illuminate/Pipeline/Pipeline.php(219): Igniter\\Main\\Http\\Middleware\\CheckMaintenance->handle()
#43 /home/lone/MariesRestaurant /vendor/tastyigniter/ti-ext-user/src/Http/Middleware/InjectImpersonateBanner.php(17): Illuminate\\Pipeline\\Pipeline->{closure:{closure:Illuminate\\Pipeline\\Pipeline::carry():194}:195}()
#44 /home/lone/MariesRestaurant /vendor/laravel/framework/src/Illuminate/Pipeline/Pipeline.php(219): Igniter\\User\\Http\\Middleware\\InjectImpersonateBanner->handle()
#45 /home/lone/MariesRestaurant /vendor/tastyigniter/ti-ext-local/src/Http/Middleware/CheckLocation.php(43): Illuminate\\Pipeline\\Pipeline->{closure:{closure:Illuminate\\Pipeline\\Pipeline::carry():194}:195}()
#46 /home/lone/MariesRestaurant /vendor/laravel/framework/src/Illuminate/Pipeline/Pipeline.php(219): Igniter\\Local\\Http\\Middleware\\CheckLocation->handle()
#47 /home/lone/MariesRestaurant /vendor/tastyigniter/core/src/System/Http/Middleware/PoweredBy.php(15): Illuminate\\Pipeline\\Pipeline->{closure:{closure:Illuminate\\Pipeline\\Pipeline::carry():194}:195}()
#48 /home/lone/MariesRestaurant /vendor/laravel/framework/src/Illuminate/Pipeline/Pipeline.php(219): Igniter\\System\\Http\\Middleware\\PoweredBy->handle()
#49 /home/lone/MariesRestaurant /vendor/tastyigniter/core/src/System/Http/Middleware/CheckRequirements.php(21): Illuminate\\Pipeline\\Pipeline->{closure:{closure:Illuminate\\Pipeline\\Pipeline::carry():194}:195}()
#50 /home/lone/MariesRestaurant /vendor/laravel/framework/src/Illuminate/Pipeline/Pipeline.php(219): Igniter\\System\\Http\\Middleware\\CheckRequirements->handle()
#51 /home/lone/MariesRestaurant /vendor/tastyigniter/core/src/Flame/Translation/Middleware/Localization.php(28): Illuminate\\Pipeline\\Pipeline->{closure:{closure:Illuminate\\Pipeline\\Pipeline::carry():194}:195}()
#52 /home/lone/MariesRestaurant /vendor/laravel/framework/src/Illuminate/Pipeline/Pipeline.php(219): Igniter\\Flame\\Translation\\Middleware\\Localization->handle()
#53 /home/lone/MariesRestaurant /vendor/laravel/framework/src/Illuminate/Routing/Middleware/SubstituteBindings.php(50): Illuminate\\Pipeline\\Pipeline->{closure:{closure:Illuminate\\Pipeline\\Pipeline::carry():194}:195}()
#54 /home/lone/MariesRestaurant /vendor/laravel/framework/src/Illuminate/Pipeline/Pipeline.php(219): Illuminate\\Routing\\Middleware\\SubstituteBindings->handle()
#55 /home/lone/MariesRestaurant /vendor/laravel/framework/src/Illuminate/Foundation/Http/Middleware/VerifyCsrfToken.php(87): Illuminate\\Pipeline\\Pipeline->{closure:{closure:Illuminate\\Pipeline\\Pipeline::carry():194}:195}()
#56 /home/lone/MariesRestaurant /vendor/laravel/framework/src/Illuminate/Pipeline/Pipeline.php(219): Illuminate\\Foundation\\Http\\Middleware\\VerifyCsrfToken->handle()
#57 /home/lone/MariesRestaurant /vendor/laravel/framework/src/Illuminate/View/Middleware/ShareErrorsFromSession.php(48): Illuminate\\Pipeline\\Pipeline->{closure:{closure:Illuminate\\Pipeline\\Pipeline::carry():194}:195}()
#58 /home/lone/MariesRestaurant /vendor/laravel/framework/src/Illuminate/Pipeline/Pipeline.php(219): Illuminate\\View\\Middleware\\ShareErrorsFromSession->handle()
#59 /home/lone/MariesRestaurant /vendor/laravel/framework/src/Illuminate/Session/Middleware/StartSession.php(120): Illuminate\\Pipeline\\Pipeline->{closure:{closure:Illuminate\\Pipeline\\Pipeline::carry():194}:195}()
#60 /home/lone/MariesRestaurant /vendor/laravel/framework/src/Illuminate/Session/Middleware/StartSession.php(63): Illuminate\\Session\\Middleware\\StartSession->handleStatefulRequest()
#61 /home/lone/MariesRestaurant /vendor/laravel/framework/src/Illuminate/Pipeline/Pipeline.php(219): Illuminate\\Session\\Middleware\\StartSession->handle()
#62 /home/lone/MariesRestaurant /vendor/laravel/framework/src/Illuminate/Cookie/Middleware/AddQueuedCookiesToResponse.php(36): Illuminate\\Pipeline\\Pipeline->{closure:{closure:Illuminate\\Pipeline\\Pipeline::carry():194}:195}()
#63 /home/lone/MariesRestaurant /vendor/laravel/framework/src/Illuminate/Pipeline/Pipeline.php(219): Illuminate\\Cookie\\Middleware\\AddQueuedCookiesToResponse->handle()
#64 /home/lone/MariesRestaurant /vendor/laravel/framework/src/Illuminate/Cookie/Middleware/EncryptCookies.php(74): Illuminate\\Pipeline\\Pipeline->{closure:{closure:Illuminate\\Pipeline\\Pipeline::carry():194}:195}()
#65 /home/lone/MariesRestaurant /vendor/laravel/framework/src/Illuminate/Pipeline/Pipeline.php(219): Illuminate\\Cookie\\Middleware\\EncryptCookies->handle()
#66 /home/lone/MariesRestaurant /vendor/laravel/framework/src/Illuminate/Pipeline/Pipeline.php(137): Illuminate\\Pipeline\\Pipeline->{closure:{closure:Illuminate\\Pipeline\\Pipeline::carry():194}:195}()
#67 /home/lone/MariesRestaurant /vendor/laravel/framework/src/Illuminate/Routing/Router.php(821): Illuminate\\Pipeline\\Pipeline->then()
#68 /home/lone/MariesRestaurant /vendor/laravel/framework/src/Illuminate/Routing/Router.php(800): Illuminate\\Routing\\Router->runRouteWithinStack()
#69 /home/lone/MariesRestaurant /vendor/laravel/framework/src/Illuminate/Routing/Router.php(764): Illuminate\\Routing\\Router->runRoute()
#70 /home/lone/MariesRestaurant /vendor/laravel/framework/src/Illuminate/Routing/Router.php(753): Illuminate\\Routing\\Router->dispatchToRoute()
#71 /home/lone/MariesRestaurant /vendor/laravel/framework/src/Illuminate/Foundation/Http/Kernel.php(200): Illuminate\\Routing\\Router->dispatch()
#72 /home/lone/MariesRestaurant /vendor/laravel/framework/src/Illuminate/Pipeline/Pipeline.php(180): Illuminate\\Foundation\\Http\\Kernel->{closure:Illuminate\\Foundation\\Http\\Kernel::dispatchToRouter():197}()
#73 /home/lone/MariesRestaurant /vendor/livewire/livewire/src/Features/SupportDisablingBackButtonCache/DisableBackButtonCacheMiddleware.php(19): Illuminate\\Pipeline\\Pipeline->{closure:Illuminate\\Pipeline\\Pipeline::prepareDestination():178}()
#74 /home/lone/MariesRestaurant /vendor/laravel/framework/src/Illuminate/Pipeline/Pipeline.php(219): Livewire\\Features\\SupportDisablingBackButtonCache\\DisableBackButtonCacheMiddleware->handle()
#75 /home/lone/MariesRestaurant /vendor/laravel/framework/src/Illuminate/Foundation/Http/Middleware/TransformsRequest.php(21): Illuminate\\Pipeline\\Pipeline->{closure:{closure:Illuminate\\Pipeline\\Pipeline::carry():194}:195}()
#76 /home/lone/MariesRestaurant /vendor/laravel/framework/src/Illuminate/Foundation/Http/Middleware/ConvertEmptyStringsToNull.php(31): Illuminate\\Foundation\\Http\\Middleware\\TransformsRequest->handle()
#77 /home/lone/MariesRestaurant /vendor/laravel/framework/src/Illuminate/Pipeline/Pipeline.php(219): Illuminate\\Foundation\\Http\\Middleware\\ConvertEmptyStringsToNull->handle()
#78 /home/lone/MariesRestaurant /vendor/laravel/framework/src/Illuminate/Foundation/Http/Middleware/TransformsRequest.php(21): Illuminate\\Pipeline\\Pipeline->{closure:{closure:Illuminate\\Pipeline\\Pipeline::carry():194}:195}()
#79 /home/lone/MariesRestaurant /vendor/laravel/framework/src/Illuminate/Foundation/Http/Middleware/TrimStrings.php(51): Illuminate\\Foundation\\Http\\Middleware\\TransformsRequest->handle()
#80 /home/lone/MariesRestaurant /vendor/laravel/framework/src/Illuminate/Pipeline/Pipeline.php(219): Illuminate\\Foundation\\Http\\Middleware\\TrimStrings->handle()
#81 /home/lone/MariesRestaurant /vendor/laravel/framework/src/Illuminate/Http/Middleware/ValidatePostSize.php(27): Illuminate\\Pipeline\\Pipeline->{closure:{closure:Illuminate\\Pipeline\\Pipeline::carry():194}:195}()
#82 /home/lone/MariesRestaurant /vendor/laravel/framework/src/Illuminate/Pipeline/Pipeline.php(219): Illuminate\\Http\\Middleware\\ValidatePostSize->handle()
#83 /home/lone/MariesRestaurant /vendor/laravel/framework/src/Illuminate/Foundation/Http/Middleware/PreventRequestsDuringMaintenance.php(109): Illuminate\\Pipeline\\Pipeline->{closure:{closure:Illuminate\\Pipeline\\Pipeline::carry():194}:195}()
#84 /home/lone/MariesRestaurant /vendor/laravel/framework/src/Illuminate/Pipeline/Pipeline.php(219): Illuminate\\Foundation\\Http\\Middleware\\PreventRequestsDuringMaintenance->handle()
#85 /home/lone/MariesRestaurant /vendor/laravel/framework/src/Illuminate/Http/Middleware/HandleCors.php(61): Illuminate\\Pipeline\\Pipeline->{closure:{closure:Illuminate\\Pipeline\\Pipeline::carry():194}:195}()
#86 /home/lone/MariesRestaurant /vendor/laravel/framework/src/Illuminate/Pipeline/Pipeline.php(219): Illuminate\\Http\\Middleware\\HandleCors->handle()
#87 /home/lone/MariesRestaurant /vendor/laravel/framework/src/Illuminate/Http/Middleware/TrustProxies.php(58): Illuminate\\Pipeline\\Pipeline->{closure:{closure:Illuminate\\Pipeline\\Pipeline::carry():194}:195}()
#88 /home/lone/MariesRestaurant /vendor/laravel/framework/src/Illuminate/Pipeline/Pipeline.php(219): Illuminate\\Http\\Middleware\\TrustProxies->handle()
#89 /home/lone/MariesRestaurant /vendor/laravel/framework/src/Illuminate/Pipeline/Pipeline.php(137): Illuminate\\Pipeline\\Pipeline->{closure:{closure:Illuminate\\Pipeline\\Pipeline::carry():194}:195}()
#90 /home/lone/MariesRestaurant /vendor/laravel/framework/src/Illuminate/Foundation/Http/Kernel.php(175): Illuminate\\Pipeline\\Pipeline->then()
#91 /home/lone/MariesRestaurant /vendor/laravel/framework/src/Illuminate/Foundation/Http/Kernel.php(144): Illuminate\\Foundation\\Http\\Kernel->sendRequestThroughRouter()
#92 /home/lone/MariesRestaurant /public/index.php(51): Illuminate\\Foundation\\Http\\Kernel->handle()
#93 /home/lone/MariesRestaurant /vendor/laravel/framework/src/Illuminate/Foundation/resources/server.php(23): require_once('...')
#94 {main}
"} 
[2026-08-11 17:28:14] production.ERROR: Undefined variable $assetsUrl {"exception":"[object] (Spatie\\LaravelIgnition\\Exceptions\\ViewException(code: 0): Undefined variable $assetsUrl at /home/lone/MariesRestaurant /themes/pasta/resources/views/includes/hero.blade.php:16)
[stacktrace]
#0 /home/lone/MariesRestaurant /vendor/laravel/framework/src/Illuminate/Filesystem/Filesystem.php(123): require('...')
#1 /home/lone/MariesRestaurant /vendor/laravel/framework/src/Illuminate/Filesystem/Filesystem.php(124): Illuminate\\Filesystem\\Filesystem::{closure:Illuminate\\Filesystem\\Filesystem::getRequire():120}()
#2 /home/lone/MariesRestaurant /vendor/laravel/framework/src/Illuminate/View/Engines/PhpEngine.php(57): Illuminate\\Filesystem\\Filesystem->getRequire()
#3 /home/lone/MariesRestaurant /vendor/livewire/livewire/src/Mechanisms/ExtendBlade/ExtendedCompilerEngine.php(22): Illuminate\\View\\Engines\\PhpEngine->evaluatePath()
#4 /home/lone/MariesRestaurant /vendor/laravel/framework/src/Illuminate/View/Engines/CompilerEngine.php(76): Livewire\\Mechanisms\\ExtendBlade\\ExtendedCompilerEngine->evaluatePath()
#5 /home/lone/MariesRestaurant /vendor/livewire/livewire/src/Mechanisms/ExtendBlade/ExtendedCompilerEngine.php(10): Illuminate\\View\\Engines\\CompilerEngine->get()
#6 /home/lone/MariesRestaurant /vendor/laravel/framework/src/Illuminate/View/View.php(208): Livewire\\Mechanisms\\ExtendBlade\\ExtendedCompilerEngine->get()
#7 /home/lone/MariesRestaurant /vendor/laravel/framework/src/Illuminate/View/View.php(191): Illuminate\\View\\View->getContents()
#8 /home/lone/MariesRestaurant /vendor/laravel/framework/src/Illuminate/View/View.php(160): Illuminate\\View\\View->renderContents()
#9 /home/lone/MariesRestaurant /storage/framework/views/d1ce53ec960df7e319b5d579ae2b7cda.php(2): Illuminate\\View\\View->render()
#10 /home/lone/MariesRestaurant /vendor/tastyigniter/core/src/Flame/Pagic/Template.php(103): include('...')
#11 /home/lone/MariesRestaurant /vendor/tastyigniter/core/src/Flame/Pagic/Template.php(73): Igniter\\Flame\\Pagic\\Template->evaluatePath()
#12 /home/lone/MariesRestaurant /vendor/tastyigniter/core/src/Flame/Pagic/Template.php(53): Igniter\\Flame\\Pagic\\Template->getContents()
#13 /home/lone/MariesRestaurant /vendor/tastyigniter/core/src/Flame/Pagic/Environment.php(144): Igniter\\Flame\\Pagic\\Template->render()
#14 /home/lone/MariesRestaurant /vendor/tastyigniter/core/src/Main/Classes/MainController.php(201): Igniter\\Flame\\Pagic\\Environment->renderSource()
#15 /home/lone/MariesRestaurant /vendor/tastyigniter/core/src/Main/Classes/MainController.php(132): Igniter\\Main\\Classes\\MainController->runPage()
#16 /home/lone/MariesRestaurant /vendor/tastyigniter/core/src/Main/Classes/MainController.php(263): Igniter\\Main\\Classes\\MainController->remap()
#17 /home/lone/MariesRestaurant /vendor/laravel/framework/src/Illuminate/Routing/ControllerDispatcher.php(43): Igniter\\Main\\Classes\\MainController->callAction()
#18 /home/lone/MariesRestaurant /vendor/laravel/framework/src/Illuminate/Routing/Route.php(265): Illuminate\\Routing\\ControllerDispatcher->dispatch()
#19 /home/lone/MariesRestaurant /vendor/laravel/framework/src/Illuminate/Routing/Route.php(211): Illuminate\\Routing\\Route->runController()
#20 /home/lone/MariesRestaurant /vendor/laravel/framework/src/Illuminate/Routing/Router.php(822): Illuminate\\Routing\\Route->run()
#21 /home/lone/MariesRestaurant /vendor/laravel/framework/src/Illuminate/Pipeline/Pipeline.php(180): Illuminate\\Routing\\Router->{closure:Illuminate\\Routing\\Router::runRouteWithinStack():821}()
#22 /home/lone/MariesRestaurant /vendor/tastyigniter/ti-ext-cart/src/Http/Middleware/CartMiddleware.php(20): Illuminate\\Pipeline\\Pipeline->{closure:Illuminate\\Pipeline\\Pipeline::prepareDestination():178}()
#23 /home/lone/MariesRestaurant /vendor/laravel/framework/src/Illuminate/Pipeline/Pipeline.php(219): Igniter\\Cart\\Http\\Middleware\\CartMiddleware->handle()
#24 /home/lone/MariesRestaurant /vendor/tastyigniter/ti-theme-orange/src/Http/Middleware/SetOriginalRouteParametersOnLivewireRoute.php(25): Illuminate\\Pipeline\\Pipeline->{closure:{closure:Illuminate\\Pipeline\\Pipeline::carry():194}:195}()
#25 /home/lone/MariesRestaurant /vendor/laravel/framework/src/Illuminate/Pipeline/Pipeline.php(219): Igniter\\Orange\\Http\\Middleware\\SetOriginalRouteParametersOnLivewireRoute->handle()
#26 /home/lone/MariesRestaurant /vendor/tastyigniter/core/src/Main/Http/Middleware/CheckInitialSetup.php(21): Illuminate\\Pipeline\\Pipeline->{closure:{closure:Illuminate\\Pipeline\\Pipeline::carry():194}:195}()
#27 /home/lone/MariesRestaurant /vendor/laravel/framework/src/Illuminate/Pipeline/Pipeline.php(219): Igniter\\Main\\Http\\Middleware\\CheckInitialSetup->handle()
#28 /home/lone/MariesRestaurant /vendor/tastyigniter/core/src/Main/Http/Middleware/CheckMaintenance.php(25): Illuminate\\Pipeline\\Pipeline->{closure:{closure:Illuminate\\Pipeline\\Pipeline::carry():194}:195}()
#29 /home/lone/MariesRestaurant /vendor/laravel/framework/src/Illuminate/Pipeline/Pipeline.php(219): Igniter\\Main\\Http\\Middleware\\CheckMaintenance->handle()
#30 /home/lone/MariesRestaurant /vendor/tastyigniter/ti-ext-user/src/Http/Middleware/InjectImpersonateBanner.php(17): Illuminate\\Pipeline\\Pipeline->{closure:{closure:Illuminate\\Pipeline\\Pipeline::carry():194}:195}()
#31 /home/lone/MariesRestaurant /vendor/laravel/framework/src/Illuminate/Pipeline/Pipeline.php(219): Igniter\\User\\Http\\Middleware\\InjectImpersonateBanner->handle()
#32 /home/lone/MariesRestaurant /vendor/tastyigniter/ti-ext-local/src/Http/Middleware/CheckLocation.php(43): Illuminate\\Pipeline\\Pipeline->{closure:{closure:Illuminate\\Pipeline\\Pipeline::carry():194}:195}()
#33 /home/lone/MariesRestaurant /vendor/laravel/framework/src/Illuminate/Pipeline/Pipeline.php(219): Igniter\\Local\\Http\\Middleware\\CheckLocation->handle()
#34 /home/lone/MariesRestaurant /vendor/tastyigniter/core/src/System/Http/Middleware/PoweredBy.php(15): Illuminate\\Pipeline\\Pipeline->{closure:{closure:Illuminate\\Pipeline\\Pipeline::carry():194}:195}()
#35 /home/lone/MariesRestaurant /vendor/laravel/framework/src/Illuminate/Pipeline/Pipeline.php(219): Igniter\\System\\Http\\Middleware\\PoweredBy->handle()
#36 /home/lone/MariesRestaurant /vendor/tastyigniter/core/src/System/Http/Middleware/CheckRequirements.php(21): Illuminate\\Pipeline\\Pipeline->{closure:{closure:Illuminate\\Pipeline\\Pipeline::carry():194}:195}()
#37 /home/lone/MariesRestaurant /vendor/laravel/framework/src/Illuminate/Pipeline/Pipeline.php(219): Igniter\\System\\Http\\Middleware\\CheckRequirements->handle()
#38 /home/lone/MariesRestaurant /vendor/tastyigniter/core/src/Flame/Translation/Middleware/Localization.php(28): Illuminate\\Pipeline\\Pipeline->{closure:{closure:Illuminate\\Pipeline\\Pipeline::carry():194}:195}()
#39 /home/lone/MariesRestaurant /vendor/laravel/framework/src/Illuminate/Pipeline/Pipeline.php(219): Igniter\\Flame\\Translation\\Middleware\\Localization->handle()
#40 /home/lone/MariesRestaurant /vendor/laravel/framework/src/Illuminate/Routing/Middleware/SubstituteBindings.php(50): Illuminate\\Pipeline\\Pipeline->{closure:{closure:Illuminate\\Pipeline\\Pipeline::carry():194}:195}()
#41 /home/lone/MariesRestaurant /vendor/laravel/framework/src/Illuminate/Pipeline/Pipeline.php(219): Illuminate\\Routing\\Middleware\\SubstituteBindings->handle()
#42 /home/lone/MariesRestaurant /vendor/laravel/framework/src/Illuminate/Foundation/Http/Middleware/VerifyCsrfToken.php(87): Illuminate\\Pipeline\\Pipeline->{closure:{closure:Illuminate\\Pipeline\\Pipeline::carry():194}:195}()
#43 /home/lone/MariesRestaurant /vendor/laravel/framework/src/Illuminate/Pipeline/Pipeline.php(219): Illuminate\\Foundation\\Http\\Middleware\\VerifyCsrfToken->handle()
#44 /home/lone/MariesRestaurant /vendor/laravel/framework/src/Illuminate/View/Middleware/ShareErrorsFromSession.php(48): Illuminate\\Pipeline\\Pipeline->{closure:{closure:Illuminate\\Pipeline\\Pipeline::carry():194}:195}()
#45 /home/lone/MariesRestaurant /vendor/laravel/framework/src/Illuminate/Pipeline/Pipeline.php(219): Illuminate\\View\\Middleware\\ShareErrorsFromSession->handle()
#46 /home/lone/MariesRestaurant /vendor/laravel/framework/src/Illuminate/Session/Middleware/StartSession.php(120): Illuminate\\Pipeline\\Pipeline->{closure:{closure:Illuminate\\Pipeline\\Pipeline::carry():194}:195}()
#47 /home/lone/MariesRestaurant /vendor/laravel/framework/src/Illuminate/Session/Middleware/StartSession.php(63): Illuminate\\Session\\Middleware\\StartSession->handleStatefulRequest()
#48 /home/lone/MariesRestaurant /vendor/laravel/framework/src/Illuminate/Pipeline/Pipeline.php(219): Illuminate\\Session\\Middleware\\StartSession->handle()
#49 /home/lone/MariesRestaurant /vendor/laravel/framework/src/Illuminate/Cookie/Middleware/AddQueuedCookiesToResponse.php(36): Illuminate\\Pipeline\\Pipeline->{closure:{closure:Illuminate\\Pipeline\\Pipeline::carry():194}:195}()
#50 /home/lone/MariesRestaurant /vendor/laravel/framework/src/Illuminate/Pipeline/Pipeline.php(219): Illuminate\\Cookie\\Middleware\\AddQueuedCookiesToResponse->handle()
#51 /home/lone/MariesRestaurant /vendor/laravel/framework/src/Illuminate/Cookie/Middleware/EncryptCookies.php(74): Illuminate\\Pipeline\\Pipeline->{closure:{closure:Illuminate\\Pipeline\\Pipeline::carry():194}:195}()
#52 /home/lone/MariesRestaurant /vendor/laravel/framework/src/Illuminate/Pipeline/Pipeline.php(219): Illuminate\\Cookie\\Middleware\\EncryptCookies->handle()
#53 /home/lone/MariesRestaurant /vendor/laravel/framework/src/Illuminate/Pipeline/Pipeline.php(137): Illuminate\\Pipeline\\Pipeline->{closure:{closure:Illuminate\\Pipeline\\Pipeline::carry():194}:195}()
#54 /home/lone/MariesRestaurant /vendor/laravel/framework/src/Illuminate/Routing/Router.php(821): Illuminate\\Pipeline\\Pipeline->then()
#55 /home/lone/MariesRestaurant /vendor/laravel/framework/src/Illuminate/Routing/Router.php(800): Illuminate\\Routing\\Router->runRouteWithinStack()
#56 /home/lone/MariesRestaurant /vendor/laravel/framework/src/Illuminate/Routing/Router.php(764): Illuminate\\Routing\\Router->runRoute()
#57 /home/lone/MariesRestaurant /vendor/laravel/framework/src/Illuminate/Routing/Router.php(753): Illuminate\\Routing\\Router->dispatchToRoute()
#58 /home/lone/MariesRestaurant /vendor/laravel/framework/src/Illuminate/Foundation/Http/Kernel.php(200): Illuminate\\Routing\\Router->dispatch()
#59 /home/lone/MariesRestaurant /vendor/laravel/framework/src/Illuminate/Pipeline/Pipeline.php(180): Illuminate\\Foundation\\Http\\Kernel->{closure:Illuminate\\Foundation\\Http\\Kernel::dispatchToRouter():197}()
#60 /home/lone/MariesRestaurant /vendor/livewire/livewire/src/Features/SupportDisablingBackButtonCache/DisableBackButtonCacheMiddleware.php(19): Illuminate\\Pipeline\\Pipeline->{closure:Illuminate\\Pipeline\\Pipeline::prepareDestination():178}()
#61 /home/lone/MariesRestaurant /vendor/laravel/framework/src/Illuminate/Pipeline/Pipeline.php(219): Livewire\\Features\\SupportDisablingBackButtonCache\\DisableBackButtonCacheMiddleware->handle()
#62 /home/lone/MariesRestaurant /vendor/laravel/framework/src/Illuminate/Foundation/Http/Middleware/TransformsRequest.php(21): Illuminate\\Pipeline\\Pipeline->{closure:{closure:Illuminate\\Pipeline\\Pipeline::carry():194}:195}()
#63 /home/lone/MariesRestaurant /vendor/laravel/framework/src/Illuminate/Foundation/Http/Middleware/ConvertEmptyStringsToNull.php(31): Illuminate\\Foundation\\Http\\Middleware\\TransformsRequest->handle()
#64 /home/lone/MariesRestaurant /vendor/laravel/framework/src/Illuminate/Pipeline/Pipeline.php(219): Illuminate\\Foundation\\Http\\Middleware\\ConvertEmptyStringsToNull->handle()
#65 /home/lone/MariesRestaurant /vendor/laravel/framework/src/Illuminate/Foundation/Http/Middleware/TransformsRequest.php(21): Illuminate\\Pipeline\\Pipeline->{closure:{closure:Illuminate\\Pipeline\\Pipeline::carry():194}:195}()
#66 /home/lone/MariesRestaurant /vendor/laravel/framework/src/Illuminate/Foundation/Http/Middleware/TrimStrings.php(51): Illuminate\\Foundation\\Http\\Middleware\\TransformsRequest->handle()
#67 /home/lone/MariesRestaurant /vendor/laravel/framework/src/Illuminate/Pipeline/Pipeline.php(219): Illuminate\\Foundation\\Http\\Middleware\\TrimStrings->handle()
#68 /home/lone/MariesRestaurant /vendor/laravel/framework/src/Illuminate/Http/Middleware/ValidatePostSize.php(27): Illuminate\\Pipeline\\Pipeline->{closure:{closure:Illuminate\\Pipeline\\Pipeline::carry():194}:195}()
#69 /home/lone/MariesRestaurant /vendor/laravel/framework/src/Illuminate/Pipeline/Pipeline.php(219): Illuminate\\Http\\Middleware\\ValidatePostSize->handle()
#70 /home/lone/MariesRestaurant /vendor/laravel/framework/src/Illuminate/Foundation/Http/Middleware/PreventRequestsDuringMaintenance.php(109): Illuminate\\Pipeline\\Pipeline->{closure:{closure:Illuminate\\Pipeline\\Pipeline::carry():194}:195}()
#71 /home/lone/MariesRestaurant /vendor/laravel/framework/src/Illuminate/Pipeline/Pipeline.php(219): Illuminate\\Foundation\\Http\\Middleware\\PreventRequestsDuringMaintenance->handle()
#72 /home/lone/MariesRestaurant /vendor/laravel/framework/src/Illuminate/Http/Middleware/HandleCors.php(61): Illuminate\\Pipeline\\Pipeline->{closure:{closure:Illuminate\\Pipeline\\Pipeline::carry():194}:195}()
#73 /home/lone/MariesRestaurant /vendor/laravel/framework/src/Illuminate/Pipeline/Pipeline.php(219): Illuminate\\Http\\Middleware\\HandleCors->handle()
#74 /home/lone/MariesRestaurant /vendor/laravel/framework/src/Illuminate/Http/Middleware/TrustProxies.php(58): Illuminate\\Pipeline\\Pipeline->{closure:{closure:Illuminate\\Pipeline\\Pipeline::carry():194}:195}()
#75 /home/lone/MariesRestaurant /vendor/laravel/framework/src/Illuminate/Pipeline/Pipeline.php(219): Illuminate\\Http\\Middleware\\TrustProxies->handle()
#76 /home/lone/MariesRestaurant /vendor/laravel/framework/src/Illuminate/Pipeline/Pipeline.php(137): Illuminate\\Pipeline\\Pipeline->{closure:{closure:Illuminate\\Pipeline\\Pipeline::carry():194}:195}()
#77 /home/lone/MariesRestaurant /vendor/laravel/framework/src/Illuminate/Foundation/Http/Kernel.php(175): Illuminate\\Pipeline\\Pipeline->then()
#78 /home/lone/MariesRestaurant /vendor/laravel/framework/src/Illuminate/Foundation/Http/Kernel.php(144): Illuminate\\Foundation\\Http\\Kernel->sendRequestThroughRouter()
#79 /home/lone/MariesRestaurant /public/index.php(51): Illuminate\\Foundation\\Http\\Kernel->handle()
#80 /home/lone/MariesRestaurant /vendor/laravel/framework/src/Illuminate/Foundation/resources/server.php(23): require_once('...')
#81 {main}

[previous exception] [object] (ErrorException(code: 0): Undefined variable $assetsUrl at /home/lone/MariesRestaurant /storage/framework/views/71e394a3afcd767bd84c29d8da59bcd8.php:16)
[stacktrace]
#0 /home/lone/MariesRestaurant /vendor/laravel/framework/src/Illuminate/Foundation/Bootstrap/HandleExceptions.php(262): Illuminate\\Foundation\\Bootstrap\\HandleExceptions->handleError()
#1 /home/lone/MariesRestaurant /storage/framework/views/71e394a3afcd767bd84c29d8da59bcd8.php(16): Illuminate\\Foundation\\Bootstrap\\HandleExceptions->{closure:Illuminate\\Foundation\\Bootstrap\\HandleExceptions::forwardsTo():261}()
#2 /home/lone/MariesRestaurant /vendor/laravel/framework/src/Illuminate/Filesystem/Filesystem.php(123): require('...')
#3 /home/lone/MariesRestaurant /vendor/laravel/framework/src/Illuminate/Filesystem/Filesystem.php(124): Illuminate\\Filesystem\\Filesystem::{closure:Illuminate\\Filesystem\\Filesystem::getRequire():120}()
#4 /home/lone/MariesRestaurant /vendor/laravel/framework/src/Illuminate/View/Engines/PhpEngine.php(57): Illuminate\\Filesystem\\Filesystem->getRequire()
#5 /home/lone/MariesRestaurant /vendor/livewire/livewire/src/Mechanisms/ExtendBlade/ExtendedCompilerEngine.php(22): Illuminate\\View\\Engines\\PhpEngine->evaluatePath()
#6 /home/lone/MariesRestaurant /vendor/laravel/framework/src/Illuminate/View/Engines/CompilerEngine.php(76): Livewire\\Mechanisms\\ExtendBlade\\ExtendedCompilerEngine->evaluatePath()
#7 /home/lone/MariesRestaurant /vendor/livewire/livewire/src/Mechanisms/ExtendBlade/ExtendedCompilerEngine.php(10): Illuminate\\View\\Engines\\CompilerEngine->get()
#8 /home/lone/MariesRestaurant /vendor/laravel/framework/src/Illuminate/View/View.php(208): Livewire\\Mechanisms\\ExtendBlade\\ExtendedCompilerEngine->get()
#9 /home/lone/MariesRestaurant /vendor/laravel/framework/src/Illuminate/View/View.php(191): Illuminate\\View\\View->getContents()
#10 /home/lone/MariesRestaurant /vendor/laravel/framework/src/Illuminate/View/View.php(160): Illuminate\\View\\View->renderContents()
#11 /home/lone/MariesRestaurant /storage/framework/views/d1ce53ec960df7e319b5d579ae2b7cda.php(2): Illuminate\\View\\View->render()
#12 /home/lone/MariesRestaurant /vendor/tastyigniter/core/src/Flame/Pagic/Template.php(103): include('...')
#13 /home/lone/MariesRestaurant /vendor/tastyigniter/core/src/Flame/Pagic/Template.php(73): Igniter\\Flame\\Pagic\\Template->evaluatePath()
#14 /home/lone/MariesRestaurant /vendor/tastyigniter/core/src/Flame/Pagic/Template.php(53): Igniter\\Flame\\Pagic\\Template->getContents()
#15 /home/lone/MariesRestaurant /vendor/tastyigniter/core/src/Flame/Pagic/Environment.php(144): Igniter\\Flame\\Pagic\\Template->render()
#16 /home/lone/MariesRestaurant /vendor/tastyigniter/core/src/Main/Classes/MainController.php(201): Igniter\\Flame\\Pagic\\Environment->renderSource()
#17 /home/lone/MariesRestaurant /vendor/tastyigniter/core/src/Main/Classes/MainController.php(132): Igniter\\Main\\Classes\\MainController->runPage()
#18 /home/lone/MariesRestaurant /vendor/tastyigniter/core/src/Main/Classes/MainController.php(263): Igniter\\Main\\Classes\\MainController->remap()
#19 /home/lone/MariesRestaurant /vendor/laravel/framework/src/Illuminate/Routing/ControllerDispatcher.php(43): Igniter\\Main\\Classes\\MainController->callAction()
#20 /home/lone/MariesRestaurant /vendor/laravel/framework/src/Illuminate/Routing/Route.php(265): Illuminate\\Routing\\ControllerDispatcher->dispatch()
#21 /home/lone/MariesRestaurant /vendor/laravel/framework/src/Illuminate/Routing/Route.php(211): Illuminate\\Routing\\Route->runController()
#22 /home/lone/MariesRestaurant /vendor/laravel/framework/src/Illuminate/Routing/Router.php(822): Illuminate\\Routing\\Route->run()
#23 /home/lone/MariesRestaurant /vendor/laravel/framework/src/Illuminate/Pipeline/Pipeline.php(180): Illuminate\\Routing\\Router->{closure:Illuminate\\Routing\\Router::runRouteWithinStack():821}()
#24 /home/lone/MariesRestaurant /vendor/tastyigniter/ti-ext-cart/src/Http/Middleware/CartMiddleware.php(20): Illuminate\\Pipeline\\Pipeline->{closure:Illuminate\\Pipeline\\Pipeline::prepareDestination():178}()
#25 /home/lone/MariesRestaurant /vendor/laravel/framework/src/Illuminate/Pipeline/Pipeline.php(219): Igniter\\Cart\\Http\\Middleware\\CartMiddleware->handle()
#26 /home/lone/MariesRestaurant /vendor/tastyigniter/ti-theme-orange/src/Http/Middleware/SetOriginalRouteParametersOnLivewireRoute.php(25): Illuminate\\Pipeline\\Pipeline->{closure:{closure:Illuminate\\Pipeline\\Pipeline::carry():194}:195}()
#27 /home/lone/MariesRestaurant /vendor/laravel/framework/src/Illuminate/Pipeline/Pipeline.php(219): Igniter\\Orange\\Http\\Middleware\\SetOriginalRouteParametersOnLivewireRoute->handle()
#28 /home/lone/MariesRestaurant /vendor/tastyigniter/core/src/Main/Http/Middleware/CheckInitialSetup.php(21): Illuminate\\Pipeline\\Pipeline->{closure:{closure:Illuminate\\Pipeline\\Pipeline::carry():194}:195}()
#29 /home/lone/MariesRestaurant /vendor/laravel/framework/src/Illuminate/Pipeline/Pipeline.php(219): Igniter\\Main\\Http\\Middleware\\CheckInitialSetup->handle()
#30 /home/lone/MariesRestaurant /vendor/tastyigniter/core/src/Main/Http/Middleware/CheckMaintenance.php(25): Illuminate\\Pipeline\\Pipeline->{closure:{closure:Illuminate\\Pipeline\\Pipeline::carry():194}:195}()
#31 /home/lone/MariesRestaurant /vendor/laravel/framework/src/Illuminate/Pipeline/Pipeline.php(219): Igniter\\Main\\Http\\Middleware\\CheckMaintenance->handle()
#32 /home/lone/MariesRestaurant /vendor/tastyigniter/ti-ext-user/src/Http/Middleware/InjectImpersonateBanner.php(17): Illuminate\\Pipeline\\Pipeline->{closure:{closure:Illuminate\\Pipeline\\Pipeline::carry():194}:195}()
#33 /home/lone/MariesRestaurant /vendor/laravel/framework/src/Illuminate/Pipeline/Pipeline.php(219): Igniter\\User\\Http\\Middleware\\InjectImpersonateBanner->handle()
#34 /home/lone/MariesRestaurant /vendor/tastyigniter/ti-ext-local/src/Http/Middleware/CheckLocation.php(43): Illuminate\\Pipeline\\Pipeline->{closure:{closure:Illuminate\\Pipeline\\Pipeline::carry():194}:195}()
#35 /home/lone/MariesRestaurant /vendor/laravel/framework/src/Illuminate/Pipeline/Pipeline.php(219): Igniter\\Local\\Http\\Middleware\\CheckLocation->handle()
#36 /home/lone/MariesRestaurant /vendor/tastyigniter/core/src/System/Http/Middleware/PoweredBy.php(15): Illuminate\\Pipeline\\Pipeline->{closure:{closure:Illuminate\\Pipeline\\Pipeline::carry():194}:195}()
#37 /home/lone/MariesRestaurant /vendor/laravel/framework/src/Illuminate/Pipeline/Pipeline.php(219): Igniter\\System\\Http\\Middleware\\PoweredBy->handle()
#38 /home/lone/MariesRestaurant /vendor/tastyigniter/core/src/System/Http/Middleware/CheckRequirements.php(21): Illuminate\\Pipeline\\Pipeline->{closure:{closure:Illuminate\\Pipeline\\Pipeline::carry():194}:195}()
#39 /home/lone/MariesRestaurant /vendor/laravel/framework/src/Illuminate/Pipeline/Pipeline.php(219): Igniter\\System\\Http\\Middleware\\CheckRequirements->handle()
#40 /home/lone/MariesRestaurant /vendor/tastyigniter/core/src/Flame/Translation/Middleware/Localization.php(28): Illuminate\\Pipeline\\Pipeline->{closure:{closure:Illuminate\\Pipeline\\Pipeline::carry():194}:195}()
#41 /home/lone/MariesRestaurant /vendor/laravel/framework/src/Illuminate/Pipeline/Pipeline.php(219): Igniter\\Flame\\Translation\\Middleware\\Localization->handle()
#42 /home/lone/MariesRestaurant /vendor/laravel/framework/src/Illuminate/Routing/Middleware/SubstituteBindings.php(50): Illuminate\\Pipeline\\Pipeline->{closure:{closure:Illuminate\\Pipeline\\Pipeline::carry():194}:195}()
#43 /home/lone/MariesRestaurant /vendor/laravel/framework/src/Illuminate/Pipeline/Pipeline.php(219): Illuminate\\Routing\\Middleware\\SubstituteBindings->handle()
#44 /home/lone/MariesRestaurant /vendor/laravel/framework/src/Illuminate/Foundation/Http/Middleware/VerifyCsrfToken.php(87): Illuminate\\Pipeline\\Pipeline->{closure:{closure:Illuminate\\Pipeline\\Pipeline::carry():194}:195}()
#45 /home/lone/MariesRestaurant /vendor/laravel/framework/src/Illuminate/Pipeline/Pipeline.php(219): Illuminate\\Foundation\\Http\\Middleware\\VerifyCsrfToken->handle()
#46 /home/lone/MariesRestaurant /vendor/laravel/framework/src/Illuminate/View/Middleware/ShareErrorsFromSession.php(48): Illuminate\\Pipeline\\Pipeline->{closure:{closure:Illuminate\\Pipeline\\Pipeline::carry():194}:195}()
#47 /home/lone/MariesRestaurant /vendor/laravel/framework/src/Illuminate/Pipeline/Pipeline.php(219): Illuminate\\View\\Middleware\\ShareErrorsFromSession->handle()
#48 /home/lone/MariesRestaurant /vendor/laravel/framework/src/Illuminate/Session/Middleware/StartSession.php(120): Illuminate\\Pipeline\\Pipeline->{closure:{closure:Illuminate\\Pipeline\\Pipeline::carry():194}:195}()
#49 /home/lone/MariesRestaurant /vendor/laravel/framework/src/Illuminate/Session/Middleware/StartSession.php(63): Illuminate\\Session\\Middleware\\StartSession->handleStatefulRequest()
#50 /home/lone/MariesRestaurant /vendor/laravel/framework/src/Illuminate/Pipeline/Pipeline.php(219): Illuminate\\Session\\Middleware\\StartSession->handle()
#51 /home/lone/MariesRestaurant /vendor/laravel/framework/src/Illuminate/Cookie/Middleware/AddQueuedCookiesToResponse.php(36): Illuminate\\Pipeline\\Pipeline->{closure:{closure:Illuminate\\Pipeline\\Pipeline::carry():194}:195}()
#52 /home/lone/MariesRestaurant /vendor/laravel/framework/src/Illuminate/Pipeline/Pipeline.php(219): Illuminate\\Cookie\\Middleware\\AddQueuedCookiesToResponse->handle()
#53 /home/lone/MariesRestaurant /vendor/laravel/framework/src/Illuminate/Cookie/Middleware/EncryptCookies.php(74): Illuminate\\Pipeline\\Pipeline->{closure:{closure:Illuminate\\Pipeline\\Pipeline::carry():194}:195}()
#54 /home/lone/MariesRestaurant /vendor/laravel/framework/src/Illuminate/Pipeline/Pipeline.php(219): Illuminate\\Cookie\\Middleware\\EncryptCookies->handle()
#55 /home/lone/MariesRestaurant /vendor/laravel/framework/src/Illuminate/Pipeline/Pipeline.php(137): Illuminate\\Pipeline\\Pipeline->{closure:{closure:Illuminate\\Pipeline\\Pipeline::carry():194}:195}()
#56 /home/lone/MariesRestaurant /vendor/laravel/framework/src/Illuminate/Routing/Router.php(821): Illuminate\\Pipeline\\Pipeline->then()
#57 /home/lone/MariesRestaurant /vendor/laravel/framework/src/Illuminate/Routing/Router.php(800): Illuminate\\Routing\\Router->runRouteWithinStack()
#58 /home/lone/MariesRestaurant /vendor/laravel/framework/src/Illuminate/Routing/Router.php(764): Illuminate\\Routing\\Router->runRoute()
#59 /home/lone/MariesRestaurant /vendor/laravel/framework/src/Illuminate/Routing/Router.php(753): Illuminate\\Routing\\Router->dispatchToRoute()
#60 /home/lone/MariesRestaurant /vendor/laravel/framework/src/Illuminate/Foundation/Http/Kernel.php(200): Illuminate\\Routing\\Router->dispatch()
#61 /home/lone/MariesRestaurant /vendor/laravel/framework/src/Illuminate/Pipeline/Pipeline.php(180): Illuminate\\Foundation\\Http\\Kernel->{closure:Illuminate\\Foundation\\Http\\Kernel::dispatchToRouter():197}()
#62 /home/lone/MariesRestaurant /vendor/livewire/livewire/src/Features/SupportDisablingBackButtonCache/DisableBackButtonCacheMiddleware.php(19): Illuminate\\Pipeline\\Pipeline->{closure:Illuminate\\Pipeline\\Pipeline::prepareDestination():178}()
#63 /home/lone/MariesRestaurant /vendor/laravel/framework/src/Illuminate/Pipeline/Pipeline.php(219): Livewire\\Features\\SupportDisablingBackButtonCache\\DisableBackButtonCacheMiddleware->handle()
#64 /home/lone/MariesRestaurant /vendor/laravel/framework/src/Illuminate/Foundation/Http/Middleware/TransformsRequest.php(21): Illuminate\\Pipeline\\Pipeline->{closure:{closure:Illuminate\\Pipeline\\Pipeline::carry():194}:195}()
#65 /home/lone/MariesRestaurant /vendor/laravel/framework/src/Illuminate/Foundation/Http/Middleware/ConvertEmptyStringsToNull.php(31): Illuminate\\Foundation\\Http\\Middleware\\TransformsRequest->handle()
#66 /home/lone/MariesRestaurant /vendor/laravel/framework/src/Illuminate/Pipeline/Pipeline.php(219): Illuminate\\Foundation\\Http\\Middleware\\ConvertEmptyStringsToNull->handle()
#67 /home/lone/MariesRestaurant /vendor/laravel/framework/src/Illuminate/Foundation/Http/Middleware/TransformsRequest.php(21): Illuminate\\Pipeline\\Pipeline->{closure:{closure:Illuminate\\Pipeline\\Pipeline::carry():194}:195}()
#68 /home/lone/MariesRestaurant /vendor/laravel/framework/src/Illuminate/Foundation/Http/Middleware/TrimStrings.php(51): Illuminate\\Foundation\\Http\\Middleware\\TransformsRequest->handle()
#69 /home/lone/MariesRestaurant /vendor/laravel/framework/src/Illuminate/Pipeline/Pipeline.php(219): Illuminate\\Foundation\\Http\\Middleware\\TrimStrings->handle()
#70 /home/lone/MariesRestaurant /vendor/laravel/framework/src/Illuminate/Http/Middleware/ValidatePostSize.php(27): Illuminate\\Pipeline\\Pipeline->{closure:{closure:Illuminate\\Pipeline\\Pipeline::carry():194}:195}()
#71 /home/lone/MariesRestaurant /vendor/laravel/framework/src/Illuminate/Pipeline/Pipeline.php(219): Illuminate\\Http\\Middleware\\ValidatePostSize->handle()
#72 /home/lone/MariesRestaurant /vendor/laravel/framework/src/Illuminate/Foundation/Http/Middleware/PreventRequestsDuringMaintenance.php(109): Illuminate\\Pipeline\\Pipeline->{closure:{closure:Illuminate\\Pipeline\\Pipeline::carry():194}:195}()
#73 /home/lone/MariesRestaurant /vendor/laravel/framework/src/Illuminate/Pipeline/Pipeline.php(219): Illuminate\\Foundation\\Http\\Middleware\\PreventRequestsDuringMaintenance->handle()
#74 /home/lone/MariesRestaurant /vendor/laravel/framework/src/Illuminate/Http/Middleware/HandleCors.php(61): Illuminate\\Pipeline\\Pipeline->{closure:{closure:Illuminate\\Pipeline\\Pipeline::carry():194}:195}()
#75 /home/lone/MariesRestaurant /vendor/laravel/framework/src/Illuminate/Pipeline/Pipeline.php(219): Illuminate\\Http\\Middleware\\HandleCors->handle()
#76 /home/lone/MariesRestaurant /vendor/laravel/framework/src/Illuminate/Http/Middleware/TrustProxies.php(58): Illuminate\\Pipeline\\Pipeline->{closure:{closure:Illuminate\\Pipeline\\Pipeline::carry():194}:195}()
#77 /home/lone/MariesRestaurant /vendor/laravel/framework/src/Illuminate/Pipeline/Pipeline.php(219): Illuminate\\Http\\Middleware\\TrustProxies->handle()
#78 /home/lone/MariesRestaurant /vendor/laravel/framework/src/Illuminate/Pipeline/Pipeline.php(137): Illuminate\\Pipeline\\Pipeline->{closure:{closure:Illuminate\\Pipeline\\Pipeline::carry():194}:195}()
#79 /home/lone/MariesRestaurant /vendor/laravel/framework/src/Illuminate/Foundation/Http/Kernel.php(175): Illuminate\\Pipeline\\Pipeline->then()
#80 /home/lone/MariesRestaurant /vendor/laravel/framework/src/Illuminate/Foundation/Http/Kernel.php(144): Illuminate\\Foundation\\Http\\Kernel->sendRequestThroughRouter()
#81 /home/lone/MariesRestaurant /public/index.php(51): Illuminate\\Foundation\\Http\\Kernel->handle()
#82 /home/lone/MariesRestaurant /vendor/laravel/framework/src/Illuminate/Foundation/resources/server.php(23): require_once('...')
#83 {main}
"} 
[2026-08-11 17:31:48] production.ERROR: Attempt to read property "minimum_qty" on null {"exception":"[object] (ErrorException(code: 0): Attempt to read property \"minimum_qty\" on null at /home/lone/MariesRestaurant /vendor/tastyigniter/ti-ext-cart/src/Classes/CartManager.php:165)
[stacktrace]
#0 /home/lone/MariesRestaurant /vendor/laravel/framework/src/Illuminate/Foundation/Bootstrap/HandleExceptions.php(262): Illuminate\\Foundation\\Bootstrap\\HandleExceptions->handleError()
#1 /home/lone/MariesRestaurant /vendor/tastyigniter/ti-ext-cart/src/Classes/CartManager.php(165): Illuminate\\Foundation\\Bootstrap\\HandleExceptions->{closure:Illuminate\\Foundation\\Bootstrap\\HandleExceptions::forwardsTo():261}()
#2 /home/lone/MariesRestaurant /themes/pasta/src/Livewire/CartBox.php(36): Igniter\\Cart\\Classes\\CartManager->updateCartItemQty()
#3 /home/lone/MariesRestaurant /vendor/laravel/framework/src/Illuminate/Container/BoundMethod.php(36): PastaCosi\\Livewire\\CartBox->onUpdateItemQuantity()
#4 /home/lone/MariesRestaurant /vendor/laravel/framework/src/Illuminate/Container/Util.php(43): Illuminate\\Container\\BoundMethod::{closure:Illuminate\\Container\\BoundMethod::call():35}()
#5 /home/lone/MariesRestaurant /vendor/laravel/framework/src/Illuminate/Container/BoundMethod.php(96): Illuminate\\Container\\Util::unwrapIfClosure()
#6 /home/lone/MariesRestaurant /vendor/laravel/framework/src/Illuminate/Container/BoundMethod.php(35): Illuminate\\Container\\BoundMethod::callBoundMethod()
#7 /home/lone/MariesRestaurant /vendor/livewire/livewire/src/Wrapped.php(23): Illuminate\\Container\\BoundMethod::call()
#8 /home/lone/MariesRestaurant /vendor/livewire/livewire/src/Mechanisms/HandleComponents/HandleComponents.php(515): Livewire\\Wrapped->__call()
#9 /home/lone/MariesRestaurant /vendor/livewire/livewire/src/Mechanisms/HandleComponents/HandleComponents.php(124): Livewire\\Mechanisms\\HandleComponents\\HandleComponents->callMethods()
#10 /home/lone/MariesRestaurant /vendor/livewire/livewire/src/LivewireManager.php(102): Livewire\\Mechanisms\\HandleComponents\\HandleComponents->update()
#11 /home/lone/MariesRestaurant /vendor/livewire/livewire/src/Mechanisms/HandleRequests/HandleRequests.php(144): Livewire\\LivewireManager->update()
#12 /home/lone/MariesRestaurant /vendor/laravel/framework/src/Illuminate/Routing/ControllerDispatcher.php(46): Livewire\\Mechanisms\\HandleRequests\\HandleRequests->handleUpdate()
#13 /home/lone/MariesRestaurant /vendor/laravel/framework/src/Illuminate/Routing/Route.php(265): Illuminate\\Routing\\ControllerDispatcher->dispatch()
#14 /home/lone/MariesRestaurant /vendor/laravel/framework/src/Illuminate/Routing/Route.php(211): Illuminate\\Routing\\Route->runController()
#15 /home/lone/MariesRestaurant /vendor/laravel/framework/src/Illuminate/Routing/Router.php(822): Illuminate\\Routing\\Route->run()
#16 /home/lone/MariesRestaurant /vendor/laravel/framework/src/Illuminate/Pipeline/Pipeline.php(180): Illuminate\\Routing\\Router->{closure:Illuminate\\Routing\\Router::runRouteWithinStack():821}()
#17 /home/lone/MariesRestaurant /vendor/laravel/framework/src/Illuminate/Routing/Middleware/SubstituteBindings.php(50): Illuminate\\Pipeline\\Pipeline->{closure:Illuminate\\Pipeline\\Pipeline::prepareDestination():178}()
#18 /home/lone/MariesRestaurant /vendor/laravel/framework/src/Illuminate/Pipeline/Pipeline.php(219): Illuminate\\Routing\\Middleware\\SubstituteBindings->handle()
#19 /home/lone/MariesRestaurant /vendor/laravel/framework/src/Illuminate/Foundation/Http/Middleware/VerifyCsrfToken.php(87): Illuminate\\Pipeline\\Pipeline->{closure:{closure:Illuminate\\Pipeline\\Pipeline::carry():194}:195}()
#20 /home/lone/MariesRestaurant /vendor/laravel/framework/src/Illuminate/Pipeline/Pipeline.php(219): Illuminate\\Foundation\\Http\\Middleware\\VerifyCsrfToken->handle()
#21 /home/lone/MariesRestaurant /vendor/laravel/framework/src/Illuminate/View/Middleware/ShareErrorsFromSession.php(48): Illuminate\\Pipeline\\Pipeline->{closure:{closure:Illuminate\\Pipeline\\Pipeline::carry():194}:195}()
#22 /home/lone/MariesRestaurant /vendor/laravel/framework/src/Illuminate/Pipeline/Pipeline.php(219): Illuminate\\View\\Middleware\\ShareErrorsFromSession->handle()
#23 /home/lone/MariesRestaurant /vendor/laravel/framework/src/Illuminate/Session/Middleware/StartSession.php(120): Illuminate\\Pipeline\\Pipeline->{closure:{closure:Illuminate\\Pipeline\\Pipeline::carry():194}:195}()
#24 /home/lone/MariesRestaurant /vendor/laravel/framework/src/Illuminate/Session/Middleware/StartSession.php(63): Illuminate\\Session\\Middleware\\StartSession->handleStatefulRequest()
#25 /home/lone/MariesRestaurant /vendor/laravel/framework/src/Illuminate/Pipeline/Pipeline.php(219): Illuminate\\Session\\Middleware\\StartSession->handle()
#26 /home/lone/MariesRestaurant /vendor/laravel/framework/src/Illuminate/Cookie/Middleware/AddQueuedCookiesToResponse.php(36): Illuminate\\Pipeline\\Pipeline->{closure:{closure:Illuminate\\Pipeline\\Pipeline::carry():194}:195}()
#27 /home/lone/MariesRestaurant /vendor/laravel/framework/src/Illuminate/Pipeline/Pipeline.php(219): Illuminate\\Cookie\\Middleware\\AddQueuedCookiesToResponse->handle()
#28 /home/lone/MariesRestaurant /vendor/laravel/framework/src/Illuminate/Cookie/Middleware/EncryptCookies.php(74): Illuminate\\Pipeline\\Pipeline->{closure:{closure:Illuminate\\Pipeline\\Pipeline::carry():194}:195}()
#29 /home/lone/MariesRestaurant /vendor/laravel/framework/src/Illuminate/Pipeline/Pipeline.php(219): Illuminate\\Cookie\\Middleware\\EncryptCookies->handle()
#30 /home/lone/MariesRestaurant /vendor/laravel/framework/src/Illuminate/Pipeline/Pipeline.php(137): Illuminate\\Pipeline\\Pipeline->{closure:{closure:Illuminate\\Pipeline\\Pipeline::carry():194}:195}()
#31 /home/lone/MariesRestaurant /vendor/laravel/framework/src/Illuminate/Routing/Router.php(821): Illuminate\\Pipeline\\Pipeline->then()
#32 /home/lone/MariesRestaurant /vendor/laravel/framework/src/Illuminate/Routing/Router.php(800): Illuminate\\Routing\\Router->runRouteWithinStack()
#33 /home/lone/MariesRestaurant /vendor/laravel/framework/src/Illuminate/Routing/Router.php(764): Illuminate\\Routing\\Router->runRoute()
#34 /home/lone/MariesRestaurant /vendor/laravel/framework/src/Illuminate/Routing/Router.php(753): Illuminate\\Routing\\Router->dispatchToRoute()
#35 /home/lone/MariesRestaurant /vendor/laravel/framework/src/Illuminate/Foundation/Http/Kernel.php(200): Illuminate\\Routing\\Router->dispatch()
#36 /home/lone/MariesRestaurant /vendor/laravel/framework/src/Illuminate/Pipeline/Pipeline.php(180): Illuminate\\Foundation\\Http\\Kernel->{closure:Illuminate\\Foundation\\Http\\Kernel::dispatchToRouter():197}()
#37 /home/lone/MariesRestaurant /vendor/livewire/livewire/src/Features/SupportDisablingBackButtonCache/DisableBackButtonCacheMiddleware.php(19): Illuminate\\Pipeline\\Pipeline->{closure:Illuminate\\Pipeline\\Pipeline::prepareDestination():178}()
#38 /home/lone/MariesRestaurant /vendor/laravel/framework/src/Illuminate/Pipeline/Pipeline.php(219): Livewire\\Features\\SupportDisablingBackButtonCache\\DisableBackButtonCacheMiddleware->handle()
#39 /home/lone/MariesRestaurant /vendor/laravel/framework/src/Illuminate/Foundation/Http/Middleware/ConvertEmptyStringsToNull.php(27): Illuminate\\Pipeline\\Pipeline->{closure:{closure:Illuminate\\Pipeline\\Pipeline::carry():194}:195}()
#40 /home/lone/MariesRestaurant /vendor/laravel/framework/src/Illuminate/Pipeline/Pipeline.php(219): Illuminate\\Foundation\\Http\\Middleware\\ConvertEmptyStringsToNull->handle()
#41 /home/lone/MariesRestaurant /vendor/laravel/framework/src/Illuminate/Foundation/Http/Middleware/TrimStrings.php(47): Illuminate\\Pipeline\\Pipeline->{closure:{closure:Illuminate\\Pipeline\\Pipeline::carry():194}:195}()
#42 /home/lone/MariesRestaurant /vendor/laravel/framework/src/Illuminate/Pipeline/Pipeline.php(219): Illuminate\\Foundation\\Http\\Middleware\\TrimStrings->handle()
#43 /home/lone/MariesRestaurant /vendor/laravel/framework/src/Illuminate/Http/Middleware/ValidatePostSize.php(27): Illuminate\\Pipeline\\Pipeline->{closure:{closure:Illuminate\\Pipeline\\Pipeline::carry():194}:195}()
#44 /home/lone/MariesRestaurant /vendor/laravel/framework/src/Illuminate/Pipeline/Pipeline.php(219): Illuminate\\Http\\Middleware\\ValidatePostSize->handle()
#45 /home/lone/MariesRestaurant /vendor/laravel/framework/src/Illuminate/Foundation/Http/Middleware/PreventRequestsDuringMaintenance.php(109): Illuminate\\Pipeline\\Pipeline->{closure:{closure:Illuminate\\Pipeline\\Pipeline::carry():194}:195}()
#46 /home/lone/MariesRestaurant /vendor/laravel/framework/src/Illuminate/Pipeline/Pipeline.php(219): Illuminate\\Foundation\\Http\\Middleware\\PreventRequestsDuringMaintenance->handle()
#47 /home/lone/MariesRestaurant /vendor/laravel/framework/src/Illuminate/Http/Middleware/HandleCors.php(61): Illuminate\\Pipeline\\Pipeline->{closure:{closure:Illuminate\\Pipeline\\Pipeline::carry():194}:195}()
#48 /home/lone/MariesRestaurant /vendor/laravel/framework/src/Illuminate/Pipeline/Pipeline.php(219): Illuminate\\Http\\Middleware\\HandleCors->handle()
#49 /home/lone/MariesRestaurant /vendor/laravel/framework/src/Illuminate/Http/Middleware/TrustProxies.php(58): Illuminate\\Pipeline\\Pipeline->{closure:{closure:Illuminate\\Pipeline\\Pipeline::carry():194}:195}()
#50 /home/lone/MariesRestaurant /vendor/laravel/framework/src/Illuminate/Pipeline/Pipeline.php(219): Illuminate\\Http\\Middleware\\TrustProxies->handle()
#51 /home/lone/MariesRestaurant /vendor/laravel/framework/src/Illuminate/Pipeline/Pipeline.php(137): Illuminate\\Pipeline\\Pipeline->{closure:{closure:Illuminate\\Pipeline\\Pipeline::carry():194}:195}()
#52 /home/lone/MariesRestaurant /vendor/laravel/framework/src/Illuminate/Foundation/Http/Kernel.php(175): Illuminate\\Pipeline\\Pipeline->then()
#53 /home/lone/MariesRestaurant /vendor/laravel/framework/src/Illuminate/Foundation/Http/Kernel.php(144): Illuminate\\Foundation\\Http\\Kernel->sendRequestThroughRouter()
#54 /home/lone/MariesRestaurant /public/index.php(51): Illuminate\\Foundation\\Http\\Kernel->handle()
#55 /home/lone/MariesRestaurant /vendor/laravel/framework/src/Illuminate/Foundation/resources/server.php(23): require_once('...')
#56 {main}
"} 
[2026-08-11 17:31:58] production.ERROR: Attempt to read property "minimum_qty" on null {"exception":"[object] (ErrorException(code: 0): Attempt to read property \"minimum_qty\" on null at /home/lone/MariesRestaurant /vendor/tastyigniter/ti-ext-cart/src/Classes/CartManager.php:165)
[stacktrace]
#0 /home/lone/MariesRestaurant /vendor/laravel/framework/src/Illuminate/Foundation/Bootstrap/HandleExceptions.php(262): Illuminate\\Foundation\\Bootstrap\\HandleExceptions->handleError()
#1 /home/lone/MariesRestaurant /vendor/tastyigniter/ti-ext-cart/src/Classes/CartManager.php(165): Illuminate\\Foundation\\Bootstrap\\HandleExceptions->{closure:Illuminate\\Foundation\\Bootstrap\\HandleExceptions::forwardsTo():261}()
#2 /home/lone/MariesRestaurant /themes/pasta/src/Livewire/CartBox.php(36): Igniter\\Cart\\Classes\\CartManager->updateCartItemQty()
#3 /home/lone/MariesRestaurant /vendor/laravel/framework/src/Illuminate/Container/BoundMethod.php(36): PastaCosi\\Livewire\\CartBox->onUpdateItemQuantity()
#4 /home/lone/MariesRestaurant /vendor/laravel/framework/src/Illuminate/Container/Util.php(43): Illuminate\\Container\\BoundMethod::{closure:Illuminate\\Container\\BoundMethod::call():35}()
#5 /home/lone/MariesRestaurant /vendor/laravel/framework/src/Illuminate/Container/BoundMethod.php(96): Illuminate\\Container\\Util::unwrapIfClosure()
#6 /home/lone/MariesRestaurant /vendor/laravel/framework/src/Illuminate/Container/BoundMethod.php(35): Illuminate\\Container\\BoundMethod::callBoundMethod()
#7 /home/lone/MariesRestaurant /vendor/livewire/livewire/src/Wrapped.php(23): Illuminate\\Container\\BoundMethod::call()
#8 /home/lone/MariesRestaurant /vendor/livewire/livewire/src/Mechanisms/HandleComponents/HandleComponents.php(515): Livewire\\Wrapped->__call()
#9 /home/lone/MariesRestaurant /vendor/livewire/livewire/src/Mechanisms/HandleComponents/HandleComponents.php(124): Livewire\\Mechanisms\\HandleComponents\\HandleComponents->callMethods()
#10 /home/lone/MariesRestaurant /vendor/livewire/livewire/src/LivewireManager.php(102): Livewire\\Mechanisms\\HandleComponents\\HandleComponents->update()
#11 /home/lone/MariesRestaurant /vendor/livewire/livewire/src/Mechanisms/HandleRequests/HandleRequests.php(144): Livewire\\LivewireManager->update()
#12 /home/lone/MariesRestaurant /vendor/laravel/framework/src/Illuminate/Routing/ControllerDispatcher.php(46): Livewire\\Mechanisms\\HandleRequests\\HandleRequests->handleUpdate()
#13 /home/lone/MariesRestaurant /vendor/laravel/framework/src/Illuminate/Routing/Route.php(265): Illuminate\\Routing\\ControllerDispatcher->dispatch()
#14 /home/lone/MariesRestaurant /vendor/laravel/framework/src/Illuminate/Routing/Route.php(211): Illuminate\\Routing\\Route->runController()
#15 /home/lone/MariesRestaurant /vendor/laravel/framework/src/Illuminate/Routing/Router.php(822): Illuminate\\Routing\\Route->run()
#16 /home/lone/MariesRestaurant /vendor/laravel/framework/src/Illuminate/Pipeline/Pipeline.php(180): Illuminate\\Routing\\Router->{closure:Illuminate\\Routing\\Router::runRouteWithinStack():821}()
#17 /home/lone/MariesRestaurant /vendor/laravel/framework/src/Illuminate/Routing/Middleware/SubstituteBindings.php(50): Illuminate\\Pipeline\\Pipeline->{closure:Illuminate\\Pipeline\\Pipeline::prepareDestination():178}()
#18 /home/lone/MariesRestaurant /vendor/laravel/framework/src/Illuminate/Pipeline/Pipeline.php(219): Illuminate\\Routing\\Middleware\\SubstituteBindings->handle()
#19 /home/lone/MariesRestaurant /vendor/laravel/framework/src/Illuminate/Foundation/Http/Middleware/VerifyCsrfToken.php(87): Illuminate\\Pipeline\\Pipeline->{closure:{closure:Illuminate\\Pipeline\\Pipeline::carry():194}:195}()
#20 /home/lone/MariesRestaurant /vendor/laravel/framework/src/Illuminate/Pipeline/Pipeline.php(219): Illuminate\\Foundation\\Http\\Middleware\\VerifyCsrfToken->handle()
#21 /home/lone/MariesRestaurant /vendor/laravel/framework/src/Illuminate/View/Middleware/ShareErrorsFromSession.php(48): Illuminate\\Pipeline\\Pipeline->{closure:{closure:Illuminate\\Pipeline\\Pipeline::carry():194}:195}()
#22 /home/lone/MariesRestaurant /vendor/laravel/framework/src/Illuminate/Pipeline/Pipeline.php(219): Illuminate\\View\\Middleware\\ShareErrorsFromSession->handle()
#23 /home/lone/MariesRestaurant /vendor/laravel/framework/src/Illuminate/Session/Middleware/StartSession.php(120): Illuminate\\Pipeline\\Pipeline->{closure:{closure:Illuminate\\Pipeline\\Pipeline::carry():194}:195}()
#24 /home/lone/MariesRestaurant /vendor/laravel/framework/src/Illuminate/Session/Middleware/StartSession.php(63): Illuminate\\Session\\Middleware\\StartSession->handleStatefulRequest()
#25 /home/lone/MariesRestaurant /vendor/laravel/framework/src/Illuminate/Pipeline/Pipeline.php(219): Illuminate\\Session\\Middleware\\StartSession->handle()
#26 /home/lone/MariesRestaurant /vendor/laravel/framework/src/Illuminate/Cookie/Middleware/AddQueuedCookiesToResponse.php(36): Illuminate\\Pipeline\\Pipeline->{closure:{closure:Illuminate\\Pipeline\\Pipeline::carry():194}:195}()
#27 /home/lone/MariesRestaurant /vendor/laravel/framework/src/Illuminate/Pipeline/Pipeline.php(219): Illuminate\\Cookie\\Middleware\\AddQueuedCookiesToResponse->handle()
#28 /home/lone/MariesRestaurant /vendor/laravel/framework/src/Illuminate/Cookie/Middleware/EncryptCookies.php(74): Illuminate\\Pipeline\\Pipeline->{closure:{closure:Illuminate\\Pipeline\\Pipeline::carry():194}:195}()
#29 /home/lone/MariesRestaurant /vendor/laravel/framework/src/Illuminate/Pipeline/Pipeline.php(219): Illuminate\\Cookie\\Middleware\\EncryptCookies->handle()
#30 /home/lone/MariesRestaurant /vendor/laravel/framework/src/Illuminate/Pipeline/Pipeline.php(137): Illuminate\\Pipeline\\Pipeline->{closure:{closure:Illuminate\\Pipeline\\Pipeline::carry():194}:195}()
#31 /home/lone/MariesRestaurant /vendor/laravel/framework/src/Illuminate/Routing/Router.php(821): Illuminate\\Pipeline\\Pipeline->then()
#32 /home/lone/MariesRestaurant /vendor/laravel/framework/src/Illuminate/Routing/Router.php(800): Illuminate\\Routing\\Router->runRouteWithinStack()
#33 /home/lone/MariesRestaurant /vendor/laravel/framework/src/Illuminate/Routing/Router.php(764): Illuminate\\Routing\\Router->runRoute()
#34 /home/lone/MariesRestaurant /vendor/laravel/framework/src/Illuminate/Routing/Router.php(753): Illuminate\\Routing\\Router->dispatchToRoute()
#35 /home/lone/MariesRestaurant /vendor/laravel/framework/src/Illuminate/Foundation/Http/Kernel.php(200): Illuminate\\Routing\\Router->dispatch()
#36 /home/lone/MariesRestaurant /vendor/laravel/framework/src/Illuminate/Pipeline/Pipeline.php(180): Illuminate\\Foundation\\Http\\Kernel->{closure:Illuminate\\Foundation\\Http\\Kernel::dispatchToRouter():197}()
#37 /home/lone/MariesRestaurant /vendor/livewire/livewire/src/Features/SupportDisablingBackButtonCache/DisableBackButtonCacheMiddleware.php(19): Illuminate\\Pipeline\\Pipeline->{closure:Illuminate\\Pipeline\\Pipeline::prepareDestination():178}()
#38 /home/lone/MariesRestaurant /vendor/laravel/framework/src/Illuminate/Pipeline/Pipeline.php(219): Livewire\\Features\\SupportDisablingBackButtonCache\\DisableBackButtonCacheMiddleware->handle()
#39 /home/lone/MariesRestaurant /vendor/laravel/framework/src/Illuminate/Foundation/Http/Middleware/ConvertEmptyStringsToNull.php(27): Illuminate\\Pipeline\\Pipeline->{closure:{closure:Illuminate\\Pipeline\\Pipeline::carry():194}:195}()
#40 /home/lone/MariesRestaurant /vendor/laravel/framework/src/Illuminate/Pipeline/Pipeline.php(219): Illuminate\\Foundation\\Http\\Middleware\\ConvertEmptyStringsToNull->handle()
#41 /home/lone/MariesRestaurant /vendor/laravel/framework/src/Illuminate/Foundation/Http/Middleware/TrimStrings.php(47): Illuminate\\Pipeline\\Pipeline->{closure:{closure:Illuminate\\Pipeline\\Pipeline::carry():194}:195}()
#42 /home/lone/MariesRestaurant /vendor/laravel/framework/src/Illuminate/Pipeline/Pipeline.php(219): Illuminate\\Foundation\\Http\\Middleware\\TrimStrings->handle()
#43 /home/lone/MariesRestaurant /vendor/laravel/framework/src/Illuminate/Http/Middleware/ValidatePostSize.php(27): Illuminate\\Pipeline\\Pipeline->{closure:{closure:Illuminate\\Pipeline\\Pipeline::carry():194}:195}()
#44 /home/lone/MariesRestaurant /vendor/laravel/framework/src/Illuminate/Pipeline/Pipeline.php(219): Illuminate\\Http\\Middleware\\ValidatePostSize->handle()
#45 /home/lone/MariesRestaurant /vendor/laravel/framework/src/Illuminate/Foundation/Http/Middleware/PreventRequestsDuringMaintenance.php(109): Illuminate\\Pipeline\\Pipeline->{closure:{closure:Illuminate\\Pipeline\\Pipeline::carry():194}:195}()
#46 /home/lone/MariesRestaurant /vendor/laravel/framework/src/Illuminate/Pipeline/Pipeline.php(219): Illuminate\\Foundation\\Http\\Middleware\\PreventRequestsDuringMaintenance->handle()
#47 /home/lone/MariesRestaurant /vendor/laravel/framework/src/Illuminate/Http/Middleware/HandleCors.php(61): Illuminate\\Pipeline\\Pipeline->{closure:{closure:Illuminate\\Pipeline\\Pipeline::carry():194}:195}()
#48 /home/lone/MariesRestaurant /vendor/laravel/framework/src/Illuminate/Pipeline/Pipeline.php(219): Illuminate\\Http\\Middleware\\HandleCors->handle()
#49 /home/lone/MariesRestaurant /vendor/laravel/framework/src/Illuminate/Http/Middleware/TrustProxies.php(58): Illuminate\\Pipeline\\Pipeline->{closure:{closure:Illuminate\\Pipeline\\Pipeline::carry():194}:195}()
#50 /home/lone/MariesRestaurant /vendor/laravel/framework/src/Illuminate/Pipeline/Pipeline.php(219): Illuminate\\Http\\Middleware\\TrustProxies->handle()
#51 /home/lone/MariesRestaurant /vendor/laravel/framework/src/Illuminate/Pipeline/Pipeline.php(137): Illuminate\\Pipeline\\Pipeline->{closure:{closure:Illuminate\\Pipeline\\Pipeline::carry():194}:195}()
#52 /home/lone/MariesRestaurant /vendor/laravel/framework/src/Illuminate/Foundation/Http/Kernel.php(175): Illuminate\\Pipeline\\Pipeline->then()
#53 /home/lone/MariesRestaurant /vendor/laravel/framework/src/Illuminate/Foundation/Http/Kernel.php(144): Illuminate\\Foundation\\Http\\Kernel->sendRequestThroughRouter()
#54 /home/lone/MariesRestaurant /public/index.php(51): Illuminate\\Foundation\\Http\\Kernel->handle()
#55 /home/lone/MariesRestaurant /vendor/laravel/framework/src/Illuminate/Foundation/resources/server.php(23): require_once('...')
#56 {main}
"} 
[2026-08-12 02:53:32] production.ERROR: No arguments expected for "igniter:theme-vendor-publish" command, got "pasta-cosi". {"exception":"[object] (Symfony\\Component\\Console\\Exception\\RuntimeException(code: 0): No arguments expected for \"igniter:theme-vendor-publish\" command, got \"pasta-cosi\". at /home/lone/MariesRestaurant /vendor/symfony/console/Input/ArgvInput.php:199)
[stacktrace]
#0 /home/lone/MariesRestaurant /vendor/symfony/console/Input/ArgvInput.php(92): Symfony\\Component\\Console\\Input\\ArgvInput->parseArgument()
#1 /home/lone/MariesRestaurant /vendor/symfony/console/Input/ArgvInput.php(77): Symfony\\Component\\Console\\Input\\ArgvInput->parseToken()
#2 /home/lone/MariesRestaurant /vendor/symfony/console/Input/Input.php(53): Symfony\\Component\\Console\\Input\\ArgvInput->parse()
#3 /home/lone/MariesRestaurant /vendor/symfony/console/Command/Command.php(295): Symfony\\Component\\Console\\Input\\Input->bind()
#4 /home/lone/MariesRestaurant /vendor/laravel/framework/src/Illuminate/Console/Command.php(180): Symfony\\Component\\Console\\Command\\Command->run()
#5 /home/lone/MariesRestaurant /vendor/symfony/console/Application.php(1117): Illuminate\\Console\\Command->run()
#6 /home/lone/MariesRestaurant /vendor/symfony/console/Application.php(356): Symfony\\Component\\Console\\Application->doRunCommand()
#7 /home/lone/MariesRestaurant /vendor/symfony/console/Application.php(195): Symfony\\Component\\Console\\Application->doRun()
#8 /home/lone/MariesRestaurant /vendor/laravel/framework/src/Illuminate/Foundation/Console/Kernel.php(198): Symfony\\Component\\Console\\Application->run()
#9 /home/lone/MariesRestaurant /artisan(35): Illuminate\\Foundation\\Console\\Kernel->handle()
#10 {main}
"} 
[2026-08-12 02:55:22] production.DEBUG: From: TastyIgniter <noreply@tastyigniter.tld>
To: Jane Doe <jane.doe@example.com>
Subject: Acme Restaurant reservation confirmation - 1
MIME-Version: 1.0
Date: Wed, 12 Aug 2026 02:55:22 +0100
Message-ID: <942b8967927be4b69aa6a5e524665c2c@tastyigniter.tld>
Content-Type: multipart/alternative; boundary=1lpGNwn0

--1lpGNwn0
Content-Type: text/plain; charset=utf-8
Content-Transfer-Encoding: quoted-printable

Hi Jane Doe,

Thank you for your reservation!

Your reservation 1 at Acme Restaurant has been booked for 4 person(s) on Thursday, 20th Aug 2026 at 07:30 pm.

Thanks for reserving with us online!
--1lpGNwn0
Content-Type: text/html; charset=utf-8
Content-Transfer-Encoding: quoted-printable

<p>Hi Jane Doe,</p>
<h2>Thank you for your reservation!</h2>
<p>Your reservation <strong>1</strong> at Acme Restaurant has been booked for 4 person(s) on Thursday, 20th Aug 2026 at 07:30 pm.</p>
<p>Thanks for reserving with us online!</p>

--1lpGNwn0--
  
[2026-08-12 02:55:23] production.DEBUG: From: TastyIgniter <noreply@tastyigniter.tld>
To: Acme Restaurant <orders@example.com>
Subject: New reservation on Acme Restaurant
MIME-Version: 1.0
Date: Wed, 12 Aug 2026 02:55:23 +0100
Message-ID: <c7a164cc132f91442e5143c7277055f5@tastyigniter.tld>
Content-Type: multipart/alternative; boundary=9fMfkjER

--9fMfkjER
Content-Type: text/plain; charset=utf-8
Content-Transfer-Encoding: quoted-printable

You received a table reservation from Acme Restaurant.

Customer name: Jane Doe
Reservation no: 1
Restaurant: Acme Restaurant
No of guest(s): 4 person(s)
Reservation date: Thursday, 20th Aug 2026
Reservation time: 07:30 pm
--9fMfkjER
Content-Type: text/html; charset=utf-8
Content-Transfer-Encoding: quoted-printable

<h2>You received a table reservation from Acme Restaurant.</h2>
<table>
<thead>
<tr>
<th></th>
<th></th>
</tr>
</thead>
<tbody>
<tr>
<td><strong>Customer name</strong></td>
<td>Jane Doe</td>
</tr>
<tr>
<td><strong>Reservation no</strong></td>
<td>1</td>
</tr>
<tr>
<td><strong>Restaurant</strong></td>
<td>Acme Restaurant</td>
</tr>
<tr>
<td><strong>No of guest(s)</strong></td>
<td>4 person(s)</td>
</tr>
<tr>
<td><strong>Reservation date</strong></td>
<td>Thursday, 20th Aug 2026</td>
</tr>
<tr>
<td><strong>Reservation time</strong></td>
<td>07:30 pm</td>
</tr>
</tbody>
</table>

--9fMfkjER--
  
[2026-08-12 03:02:25] production.DEBUG: From: TastyIgniter <noreply@tastyigniter.tld>
To: John Smith <john.smith@example.com>
Subject: Acme Restaurant reservation confirmation - 2
MIME-Version: 1.0
Date: Wed, 12 Aug 2026 03:02:25 +0100
Message-ID: <29b12fe4a105e67dc7bd7f02f8fd1721@tastyigniter.tld>
Content-Type: multipart/alternative; boundary=EotylhuA

--EotylhuA
Content-Type: text/plain; charset=utf-8
Content-Transfer-Encoding: quoted-printable

Hi John Smith,

Thank you for your reservation!

Your reservation 2 at Acme Restaurant has been booked for 3 person(s) on Thursday, 20th Aug 2026 at 07:30 pm.

Thanks for reserving with us online!
--EotylhuA
Content-Type: text/html; charset=utf-8
Content-Transfer-Encoding: quoted-printable

<p>Hi John Smith,</p>
<h2>Thank you for your reservation!</h2>
<p>Your reservation <strong>2</strong> at Acme Restaurant has been booked for 3 person(s) on Thursday, 20th Aug 2026 at 07:30 pm.</p>
<p>Thanks for reserving with us online!</p>

--EotylhuA--
  
[2026-08-12 03:02:25] production.DEBUG: From: TastyIgniter <noreply@tastyigniter.tld>
To: Acme Restaurant <orders@example.com>
Subject: New reservation on Acme Restaurant
MIME-Version: 1.0
Date: Wed, 12 Aug 2026 03:02:25 +0100
Message-ID: <c15654df7aec285636a1f3369951e1e3@tastyigniter.tld>
Content-Type: multipart/alternative; boundary=j9FaMepB

--j9FaMepB
Content-Type: text/plain; charset=utf-8
Content-Transfer-Encoding: quoted-printable

You received a table reservation from Acme Restaurant.

Customer name: John Smith
Reservation no: 2
Restaurant: Acme Restaurant
No of guest(s): 3 person(s)
Reservation date: Thursday, 20th Aug 2026
Reservation time: 07:30 pm
--j9FaMepB
Content-Type: text/html; charset=utf-8
Content-Transfer-Encoding: quoted-printable

<h2>You received a table reservation from Acme Restaurant.</h2>
<table>
<thead>
<tr>
<th></th>
<th></th>
</tr>
</thead>
<tbody>
<tr>
<td><strong>Customer name</strong></td>
<td>John Smith</td>
</tr>
<tr>
<td><strong>Reservation no</strong></td>
<td>2</td>
</tr>
<tr>
<td><strong>Restaurant</strong></td>
<td>Acme Restaurant</td>
</tr>
<tr>
<td><strong>No of guest(s)</strong></td>
<td>3 person(s)</td>
</tr>
<tr>
<td><strong>Reservation date</strong></td>
<td>Thursday, 20th Aug 2026</td>
</tr>
<tr>
<td><strong>Reservation time</strong></td>
<td>07:30 pm</td>
</tr>
</tbody>
</table>

--j9FaMepB--
  
[2026-08-12 03:14:54] production.DEBUG: From: TastyIgniter <noreply@tastyigniter.tld>
To: Amine MRANI <amine@elalaoui.biz>
Subject: Acme Restaurant reservation confirmation - 3
MIME-Version: 1.0
Date: Wed, 12 Aug 2026 03:14:54 +0100
Message-ID: <fbe1ca147ee732f8d6f0001dc4e68c98@tastyigniter.tld>
Content-Type: multipart/alternative; boundary=-hA14rUi

---hA14rUi
Content-Type: text/plain; charset=utf-8
Content-Transfer-Encoding: quoted-printable

Hi Amine MRANI,

Thank you for your reservation!

Your reservation 3 at Acme Restaurant has been booked for 2 person(s) on Saturday, 15th Aug 2026 at 12:13 am.

Thanks for reserving with us online!
---hA14rUi
Content-Type: text/html; charset=utf-8
Content-Transfer-Encoding: quoted-printable

<p>Hi Amine MRANI,</p>
<h2>Thank you for your reservation!</h2>
<p>Your reservation <strong>3</strong> at Acme Restaurant has been booked for 2 person(s) on Saturday, 15th Aug 2026 at 12:13 am.</p>
<p>Thanks for reserving with us online!</p>

---hA14rUi--
  
[2026-08-12 03:14:54] production.DEBUG: From: TastyIgniter <noreply@tastyigniter.tld>
To: Acme Restaurant <orders@example.com>
Subject: New reservation on Acme Restaurant
MIME-Version: 1.0
Date: Wed, 12 Aug 2026 03:14:54 +0100
Message-ID: <341154331667a5da27e81e922339c082@tastyigniter.tld>
Content-Type: multipart/alternative; boundary=OdQfB-jV

--OdQfB-jV
Content-Type: text/plain; charset=utf-8
Content-Transfer-Encoding: quoted-printable

You received a table reservation from Acme Restaurant.

Customer name: Amine MRANI
Reservation no: 3
Restaurant: Acme Restaurant
No of guest(s): 2 person(s)
Reservation date: Saturday, 15th Aug 2026
Reservation time: 12:13 am
--OdQfB-jV
Content-Type: text/html; charset=utf-8
Content-Transfer-Encoding: quoted-printable

<h2>You received a table reservation from Acme Restaurant.</h2>
<table>
<thead>
<tr>
<th></th>
<th></th>
</tr>
</thead>
<tbody>
<tr>
<td><strong>Customer name</strong></td>
<td>Amine MRANI</td>
</tr>
<tr>
<td><strong>Reservation no</strong></td>
<td>3</td>
</tr>
<tr>
<td><strong>Restaurant</strong></td>
<td>Acme Restaurant</td>
</tr>
<tr>
<td><strong>No of guest(s)</strong></td>
<td>2 person(s)</td>
</tr>
<tr>
<td><strong>Reservation date</strong></td>
<td>Saturday, 15th Aug 2026</td>
</tr>
<tr>
<td><strong>Reservation time</strong></td>
<td>12:13 am</td>
</tr>
</tbody>
</table>

--OdQfB-jV--
  
[2026-08-12 03:38:44] production.DEBUG: From: TastyIgniter <noreply@tastyigniter.tld>
To: Alice Cooper <alice.cooper@example.com>
Subject: Acme Restaurant order confirmation - 1
MIME-Version: 1.0
Date: Wed, 12 Aug 2026 03:38:44 +0100
Message-ID: <9640f14c4c17c974f12badb31c1e1785@tastyigniter.tld>
Content-Type: multipart/alternative; boundary=-6-6QgqE

---6-6QgqE
Content-Type: text/plain; charset=utf-8
Content-Transfer-Encoding: quoted-printable

Thank you for your order!

Hi, Alice Cooper

Your order has been received and will be with you shortly.

To view your order progress, use the URL below:
http://127.0.0.1:8080/account/order

Your order number is 1
This is a Pick-up order.

Order date: 12 Aug 2026
Requested Pick-up time: 03:53 am
Payment Method: lang:igniter.payregister::default.cod.text_payment_title

This is a pick-up order
Restaurant: Acme Restaurant

Extra parmesan please

            1 x Caesar Salad
        
        - £8.50
        - £8.50
        
    
            Sub Total
        £8.50
            Order Total
        £8.50
    
---6-6QgqE
Content-Type: text/html; charset=utf-8
Content-Transfer-Encoding: quoted-printable

<p>Hi Alice Cooper,</p>
<h2>Thank you for your order!</h2>
<p>Your Pick-up order <strong>1</strong> has been received and will be with you shortly.</p>
<p><a href="http://127.0.0.1:8080/account/order">Click here</a> to view your order progress.</p>
<p><strong>Requested Pick-up time:</strong> 03:53 am<br>
<strong>Payment Method:</strong> lang:igniter.payregister::default.cod.text_payment_title<br>
<strong>Restaurant:</strong> Acme Restaurant<br>
<strong>Delivery Address:</strong> This is a pick-up order</p>
<p>Extra parmesan please</p>
<div class="table">
<table border="0" cellpadding="0" cellspacing="0" width="100%">
    <thead>
    <tr>
        <th width="50%" align="left">Name/Description</th>
        <th align="right">Unit Price</th>
        <th align="right">Sub Total</th>
    </tr>
    </thead>
    <tbody>
                        <tr>
                <td>1 x Caesar Salad<br><br></td>
                <td align="right">£8.50</td>
                <td align="right">£8.50</td>
            </tr>
                <tr>
        <td colspan="99">
            <hr>
        </td>
    </tr>
                        <tr>
                <td><br></td>
                <td align="right">Sub Total</td>
                <td align="right">£8.50</td>
            </tr>
                    <tr>
                <td><br></td>
                <td align="right">Order Total</td>
                <td align="right">£8.50</td>
            </tr>
                </tbody>
</table>
</div>

---6-6QgqE--
  
[2026-08-12 03:38:44] production.DEBUG: From: TastyIgniter <noreply@tastyigniter.tld>
To: Acme Restaurant <orders@example.com>
Subject: New order on Acme Restaurant
MIME-Version: 1.0
Date: Wed, 12 Aug 2026 03:38:44 +0100
Message-ID: <91bbcbe4f84b2ec427eabbbca65bea89@tastyigniter.tld>
Content-Type: multipart/alternative; boundary=GI52mpwj

--GI52mpwj
Content-Type: text/plain; charset=utf-8
Content-Transfer-Encoding: quoted-printable

You received an order!

You just received an order from Acme Restaurant.

The order number is 1
This is a Pick-up order.

Customer name: Alice Cooper
Order date: 12 Aug 2026
Requested Pick-up time: 03:53 am
Payment Method: lang:igniter.payregister::default.cod.text_payment_title

This is a pick-up order
Restaurant: Acme Restaurant

Extra parmesan please

            1 x Caesar Salad
        
        - £8.50
        - £8.50
        
    
            Sub Total
        £8.50
            Order Total
        £8.50
    
--GI52mpwj
Content-Type: text/html; charset=utf-8
Content-Transfer-Encoding: quoted-printable

<h2>You just received a Pick-up order (1) from Acme Restaurant.</h2>
<p><strong>Customer name:</strong> Alice Cooper<br>
<strong>Order date:</strong> 12 Aug 2026<br>
<strong>Requested Pick-up time:</strong> 03:53 am<br>
<strong>Payment Method:</strong> lang:igniter.payregister::default.cod.text_payment_title<br>
<strong>Restaurant:</strong> Acme Restaurant<br>
<strong>Delivery Address:</strong> This is a pick-up order</p>
<p>Extra parmesan please</p>
<div class="table">
<table border="0" cellpadding="0" cellspacing="0" width="100%">
    <thead>
    <tr>
        <th width="50%" align="left">Name/Description</th>
        <th align="right">Unit Price</th>
        <th align="right">Sub Total</th>
    </tr>
    </thead>
    <tbody>
                        <tr>
                <td>1 x Caesar Salad<br><br></td>
                <td align="right">£8.50</td>
                <td align="right">£8.50</td>
            </tr>
                <tr>
        <td colspan="3">
            <hr>
        </td>
    </tr>
                        <tr>
                <td><br></td>
                <td align="right">Sub Total</td>
                <td align="right">£8.50</td>
            </tr>
                    <tr>
                <td><br></td>
                <td align="right">Order Total</td>
                <td align="right">£8.50</td>
            </tr>
                </tbody>
</table>
</div>

--GI52mpwj--
  
[2026-08-12 03:43:40] production.DEBUG: From: TastyIgniter <noreply@tastyigniter.tld>
To: Bob Marley <bob.marley@example.com>
Subject: Acme Restaurant order confirmation - 2
MIME-Version: 1.0
Date: Wed, 12 Aug 2026 03:43:40 +0100
Message-ID: <bd4fbc52fec3fe38d716f6789dafd89a@tastyigniter.tld>
Content-Type: multipart/alternative; boundary=gVrpOt6J

--gVrpOt6J
Content-Type: text/plain; charset=utf-8
Content-Transfer-Encoding: quoted-printable

Thank you for your order!

Hi, Bob Marley

Your order has been received and will be with you shortly.

To view your order progress, use the URL below:
http://127.0.0.1:8080/account/order

Your order number is 2
This is a Pick-up order.

Order date: 12 Aug 2026
Requested Pick-up time: 03:58 am
Payment Method: lang:igniter.payregister::default.cod.text_payment_title

This is a pick-up order
Restaurant: Acme Restaurant

            1 x Caesar Salad
        
        - £8.50
        - £8.50
        
    
            Sub Total
        £8.50
            Order Total
        £8.50
    
--gVrpOt6J
Content-Type: text/html; charset=utf-8
Content-Transfer-Encoding: quoted-printable

<p>Hi Bob Marley,</p>
<h2>Thank you for your order!</h2>
<p>Your Pick-up order <strong>2</strong> has been received and will be with you shortly.</p>
<p><a href="http://127.0.0.1:8080/account/order">Click here</a> to view your order progress.</p>
<p><strong>Requested Pick-up time:</strong> 03:58 am<br>
<strong>Payment Method:</strong> lang:igniter.payregister::default.cod.text_payment_title<br>
<strong>Restaurant:</strong> Acme Restaurant<br>
<strong>Delivery Address:</strong> This is a pick-up order</p>
<div class="table">
<table border="0" cellpadding="0" cellspacing="0" width="100%">
    <thead>
    <tr>
        <th width="50%" align="left">Name/Description</th>
        <th align="right">Unit Price</th>
        <th align="right">Sub Total</th>
    </tr>
    </thead>
    <tbody>
                        <tr>
                <td>1 x Caesar Salad<br><br></td>
                <td align="right">£8.50</td>
                <td align="right">£8.50</td>
            </tr>
                <tr>
        <td colspan="99">
            <hr>
        </td>
    </tr>
                        <tr>
                <td><br></td>
                <td align="right">Sub Total</td>
                <td align="right">£8.50</td>
            </tr>
                    <tr>
                <td><br></td>
                <td align="right">Order Total</td>
                <td align="right">£8.50</td>
            </tr>
                </tbody>
</table>
</div>

--gVrpOt6J--
  
[2026-08-12 03:43:40] production.DEBUG: From: TastyIgniter <noreply@tastyigniter.tld>
To: Acme Restaurant <orders@example.com>
Subject: New order on Acme Restaurant
MIME-Version: 1.0
Date: Wed, 12 Aug 2026 03:43:40 +0100
Message-ID: <ad92a9fbaf195d3fe7cd49d57db83b11@tastyigniter.tld>
Content-Type: multipart/alternative; boundary=OwBESeGo

--OwBESeGo
Content-Type: text/plain; charset=utf-8
Content-Transfer-Encoding: quoted-printable

You received an order!

You just received an order from Acme Restaurant.

The order number is 2
This is a Pick-up order.

Customer name: Bob Marley
Order date: 12 Aug 2026
Requested Pick-up time: 03:58 am
Payment Method: lang:igniter.payregister::default.cod.text_payment_title

This is a pick-up order
Restaurant: Acme Restaurant

            1 x Caesar Salad
        
        - £8.50
        - £8.50
        
    
            Sub Total
        £8.50
            Order Total
        £8.50
    
--OwBESeGo
Content-Type: text/html; charset=utf-8
Content-Transfer-Encoding: quoted-printable

<h2>You just received a Pick-up order (2) from Acme Restaurant.</h2>
<p><strong>Customer name:</strong> Bob Marley<br>
<strong>Order date:</strong> 12 Aug 2026<br>
<strong>Requested Pick-up time:</strong> 03:58 am<br>
<strong>Payment Method:</strong> lang:igniter.payregister::default.cod.text_payment_title<br>
<strong>Restaurant:</strong> Acme Restaurant<br>
<strong>Delivery Address:</strong> This is a pick-up order</p>
<div class="table">
<table border="0" cellpadding="0" cellspacing="0" width="100%">
    <thead>
    <tr>
        <th width="50%" align="left">Name/Description</th>
        <th align="right">Unit Price</th>
        <th align="right">Sub Total</th>
    </tr>
    </thead>
    <tbody>
                        <tr>
                <td>1 x Caesar Salad<br><br></td>
                <td align="right">£8.50</td>
                <td align="right">£8.50</td>
            </tr>
                <tr>
        <td colspan="3">
            <hr>
        </td>
    </tr>
                        <tr>
                <td><br></td>
                <td align="right">Sub Total</td>
                <td align="right">£8.50</td>
            </tr>
                    <tr>
                <td><br></td>
                <td align="right">Order Total</td>
                <td align="right">£8.50</td>
            </tr>
                </tbody>
</table>
</div>

--OwBESeGo--
  
[2026-08-12 03:49:39] production.DEBUG: From: TastyIgniter <noreply@tastyigniter.tld>
To: Carol King <carol.king@example.com>
Subject: Acme Restaurant order confirmation - 3
MIME-Version: 1.0
Date: Wed, 12 Aug 2026 03:49:39 +0100
Message-ID: <8888dda2d89df800140df90fd48fc7f7@tastyigniter.tld>
Content-Type: multipart/alternative; boundary=Jloia_78

--Jloia_78
Content-Type: text/plain; charset=utf-8
Content-Transfer-Encoding: quoted-printable

Thank you for your order!

Hi, Carol King

Your order has been received and will be with you shortly.

To view your order progress, use the URL below:
http://127.0.0.1:8080/account/order

Your order number is 3
This is a Pick-up order.

Order date: 12 Aug 2026
Requested Pick-up time: 04:04 am
Payment Method: lang:igniter.payregister::default.cod.text_payment_title

This is a pick-up order
Restaurant: Acme Restaurant

            4 x Caesar Salad
        
        - £8.50
        - £34.00
        
    
            Sub Total
        £34.00
            Order Total
        £34.00
    
--Jloia_78
Content-Type: text/html; charset=utf-8
Content-Transfer-Encoding: quoted-printable

<p>Hi Carol King,</p>
<h2>Thank you for your order!</h2>
<p>Your Pick-up order <strong>3</strong> has been received and will be with you shortly.</p>
<p><a href="http://127.0.0.1:8080/account/order">Click here</a> to view your order progress.</p>
<p><strong>Requested Pick-up time:</strong> 04:04 am<br>
<strong>Payment Method:</strong> lang:igniter.payregister::default.cod.text_payment_title<br>
<strong>Restaurant:</strong> Acme Restaurant<br>
<strong>Delivery Address:</strong> This is a pick-up order</p>
<div class="table">
<table border="0" cellpadding="0" cellspacing="0" width="100%">
    <thead>
    <tr>
        <th width="50%" align="left">Name/Description</th>
        <th align="right">Unit Price</th>
        <th align="right">Sub Total</th>
    </tr>
    </thead>
    <tbody>
                        <tr>
                <td>4 x Caesar Salad<br><br></td>
                <td align="right">£8.50</td>
                <td align="right">£34.00</td>
            </tr>
                <tr>
        <td colspan="99">
            <hr>
        </td>
    </tr>
                        <tr>
                <td><br></td>
                <td align="right">Sub Total</td>
                <td align="right">£34.00</td>
            </tr>
                    <tr>
                <td><br></td>
                <td align="right">Order Total</td>
                <td align="right">£34.00</td>
            </tr>
                </tbody>
</table>
</div>

--Jloia_78--
  
[2026-08-12 03:49:39] production.DEBUG: From: TastyIgniter <noreply@tastyigniter.tld>
To: Acme Restaurant <orders@example.com>
Subject: New order on Acme Restaurant
MIME-Version: 1.0
Date: Wed, 12 Aug 2026 03:49:39 +0100
Message-ID: <c7d7d4a4029a4cff5c1aa733fe177b8f@tastyigniter.tld>
Content-Type: multipart/alternative; boundary=dl5Ke8Q-

--dl5Ke8Q-
Content-Type: text/plain; charset=utf-8
Content-Transfer-Encoding: quoted-printable

You received an order!

You just received an order from Acme Restaurant.

The order number is 3
This is a Pick-up order.

Customer name: Carol King
Order date: 12 Aug 2026
Requested Pick-up time: 04:04 am
Payment Method: lang:igniter.payregister::default.cod.text_payment_title

This is a pick-up order
Restaurant: Acme Restaurant

            4 x Caesar Salad
        
        - £8.50
        - £34.00
        
    
            Sub Total
        £34.00
            Order Total
        £34.00
    
--dl5Ke8Q-
Content-Type: text/html; charset=utf-8
Content-Transfer-Encoding: quoted-printable

<h2>You just received a Pick-up order (3) from Acme Restaurant.</h2>
<p><strong>Customer name:</strong> Carol King<br>
<strong>Order date:</strong> 12 Aug 2026<br>
<strong>Requested Pick-up time:</strong> 04:04 am<br>
<strong>Payment Method:</strong> lang:igniter.payregister::default.cod.text_payment_title<br>
<strong>Restaurant:</strong> Acme Restaurant<br>
<strong>Delivery Address:</strong> This is a pick-up order</p>
<div class="table">
<table border="0" cellpadding="0" cellspacing="0" width="100%">
    <thead>
    <tr>
        <th width="50%" align="left">Name/Description</th>
        <th align="right">Unit Price</th>
        <th align="right">Sub Total</th>
    </tr>
    </thead>
    <tbody>
                        <tr>
                <td>4 x Caesar Salad<br><br></td>
                <td align="right">£8.50</td>
                <td align="right">£34.00</td>
            </tr>
                <tr>
        <td colspan="3">
            <hr>
        </td>
    </tr>
                        <tr>
                <td><br></td>
                <td align="right">Sub Total</td>
                <td align="right">£34.00</td>
            </tr>
                    <tr>
                <td><br></td>
                <td align="right">Order Total</td>
                <td align="right">£34.00</td>
            </tr>
                </tbody>
</table>
</div>

--dl5Ke8Q---
  
[2026-08-12 03:54:30] production.DEBUG: From: TastyIgniter <noreply@tastyigniter.tld>
To: Dave Grohl <dave.grohl@example.com>
Subject: Acme Restaurant order confirmation - 4
MIME-Version: 1.0
Date: Wed, 12 Aug 2026 03:54:30 +0100
Message-ID: <3f49a45c0a9babad8bb26a9c935489dc@tastyigniter.tld>
Content-Type: multipart/alternative; boundary=RLBxa_sj

--RLBxa_sj
Content-Type: text/plain; charset=utf-8
Content-Transfer-Encoding: quoted-printable

Thank you for your order!

Hi, Dave Grohl

Your order has been received and will be with you shortly.

To view your order progress, use the URL below:
http://127.0.0.1:8080/account/order

Your order number is 4
This is a Pick-up order.

Order date: 12 Aug 2026
Requested Pick-up time: 04:09 am
Payment Method: lang:igniter.payregister::default.cod.text_payment_title

This is a pick-up order
Restaurant: Maries Restaurant

            3 x Caesar Salad
        
        - £8.50
        - £25.50
        
    
            Sub Total
        £25.50
            Order Total
        £25.50
    
--RLBxa_sj
Content-Type: text/html; charset=utf-8
Content-Transfer-Encoding: quoted-printable

<p>Hi Dave Grohl,</p>
<h2>Thank you for your order!</h2>
<p>Your Pick-up order <strong>4</strong> has been received and will be with you shortly.</p>
<p><a href="http://127.0.0.1:8080/account/order">Click here</a> to view your order progress.</p>
<p><strong>Requested Pick-up time:</strong> 04:09 am<br>
<strong>Payment Method:</strong> lang:igniter.payregister::default.cod.text_payment_title<br>
<strong>Restaurant:</strong> Maries Restaurant<br>
<strong>Delivery Address:</strong> This is a pick-up order</p>
<div class="table">
<table border="0" cellpadding="0" cellspacing="0" width="100%">
    <thead>
    <tr>
        <th width="50%" align="left">Name/Description</th>
        <th align="right">Unit Price</th>
        <th align="right">Sub Total</th>
    </tr>
    </thead>
    <tbody>
                        <tr>
                <td>3 x Caesar Salad<br><br></td>
                <td align="right">£8.50</td>
                <td align="right">£25.50</td>
            </tr>
                <tr>
        <td colspan="99">
            <hr>
        </td>
    </tr>
                        <tr>
                <td><br></td>
                <td align="right">Sub Total</td>
                <td align="right">£25.50</td>
            </tr>
                    <tr>
                <td><br></td>
                <td align="right">Order Total</td>
                <td align="right">£25.50</td>
            </tr>
                </tbody>
</table>
</div>

--RLBxa_sj--
  
[2026-08-12 03:54:30] production.DEBUG: From: TastyIgniter <noreply@tastyigniter.tld>
To: Acme Restaurant <orders@example.com>
Subject: New order on Acme Restaurant
MIME-Version: 1.0
Date: Wed, 12 Aug 2026 03:54:30 +0100
Message-ID: <7de3382a74939d26ce13e9fd4309734d@tastyigniter.tld>
Content-Type: multipart/alternative; boundary=WUYFcic3

--WUYFcic3
Content-Type: text/plain; charset=utf-8
Content-Transfer-Encoding: quoted-printable

You received an order!

You just received an order from Maries Restaurant.

The order number is 4
This is a Pick-up order.

Customer name: Dave Grohl
Order date: 12 Aug 2026
Requested Pick-up time: 04:09 am
Payment Method: lang:igniter.payregister::default.cod.text_payment_title

This is a pick-up order
Restaurant: Maries Restaurant

            3 x Caesar Salad
        
        - £8.50
        - £25.50
        
    
            Sub Total
        £25.50
            Order Total
        £25.50
    
--WUYFcic3
Content-Type: text/html; charset=utf-8
Content-Transfer-Encoding: quoted-printable

<h2>You just received a Pick-up order (4) from Maries Restaurant.</h2>
<p><strong>Customer name:</strong> Dave Grohl<br>
<strong>Order date:</strong> 12 Aug 2026<br>
<strong>Requested Pick-up time:</strong> 04:09 am<br>
<strong>Payment Method:</strong> lang:igniter.payregister::default.cod.text_payment_title<br>
<strong>Restaurant:</strong> Maries Restaurant<br>
<strong>Delivery Address:</strong> This is a pick-up order</p>
<div class="table">
<table border="0" cellpadding="0" cellspacing="0" width="100%">
    <thead>
    <tr>
        <th width="50%" align="left">Name/Description</th>
        <th align="right">Unit Price</th>
        <th align="right">Sub Total</th>
    </tr>
    </thead>
    <tbody>
                        <tr>
                <td>3 x Caesar Salad<br><br></td>
                <td align="right">£8.50</td>
                <td align="right">£25.50</td>
            </tr>
                <tr>
        <td colspan="3">
            <hr>
        </td>
    </tr>
                        <tr>
                <td><br></td>
                <td align="right">Sub Total</td>
                <td align="right">£25.50</td>
            </tr>
                    <tr>
                <td><br></td>
                <td align="right">Order Total</td>
                <td align="right">£25.50</td>
            </tr>
                </tbody>
</table>
</div>

--WUYFcic3--
  
[2026-08-12 03:56:01] production.DEBUG: From: TastyIgniter <noreply@tastyigniter.tld>
To: Amine MRANI <amine@elalaoui.biz>
Subject: Acme Restaurant order confirmation - 5
MIME-Version: 1.0
Date: Wed, 12 Aug 2026 03:56:01 +0100
Message-ID: <044c442bb201991cc7cdcd34abb22f9c@tastyigniter.tld>
Content-Type: multipart/alternative; boundary=BKHimZCn

--BKHimZCn
Content-Type: text/plain; charset=utf-8
Content-Transfer-Encoding: quoted-printable

Thank you for your order!

Hi, Amine MRANI

Your order has been received and will be with you shortly.

To view your order progress, use the URL below:
http://127.0.0.1:8080/account/order

Your order number is 5
This is a Pick-up order.

Order date: 12 Aug 2026
Requested Pick-up time: 04:11 am
Payment Method: lang:igniter.payregister::default.cod.text_payment_title

This is a pick-up order
Restaurant: Maries Restaurant

thanks you

            1 x Beffy
        
        - £11.00
        - £11.00
        
            1 x Cleopatra
        
        - £14.00
        - £14.00
        
            1 x Schweppes Tonic
        
        - £2.50
        - £2.50
        
            1 x Fresh Orange Juice
        
        - £3.50
        - £3.50
        
    
            Sub Total
        £31.00
            Order Total
        £31.00
    
--BKHimZCn
Content-Type: text/html; charset=utf-8
Content-Transfer-Encoding: quoted-printable

<p>Hi Amine MRANI,</p>
<h2>Thank you for your order!</h2>
<p>Your Pick-up order <strong>5</strong> has been received and will be with you shortly.</p>
<p><a href="http://127.0.0.1:8080/account/order">Click here</a> to view your order progress.</p>
<p><strong>Requested Pick-up time:</strong> 04:11 am<br>
<strong>Payment Method:</strong> lang:igniter.payregister::default.cod.text_payment_title<br>
<strong>Restaurant:</strong> Maries Restaurant<br>
<strong>Delivery Address:</strong> This is a pick-up order</p>
<p>thanks you</p>
<div class="table">
<table border="0" cellpadding="0" cellspacing="0" width="100%">
    <thead>
    <tr>
        <th width="50%" align="left">Name/Description</th>
        <th align="right">Unit Price</th>
        <th align="right">Sub Total</th>
    </tr>
    </thead>
    <tbody>
                        <tr>
                <td>1 x Beffy<br><br></td>
                <td align="right">£11.00</td>
                <td align="right">£11.00</td>
            </tr>
                    <tr>
                <td>1 x Cleopatra<br><br></td>
                <td align="right">£14.00</td>
                <td align="right">£14.00</td>
            </tr>
                    <tr>
                <td>1 x Schweppes Tonic<br><br></td>
                <td align="right">£2.50</td>
                <td align="right">£2.50</td>
            </tr>
                    <tr>
                <td>1 x Fresh Orange Juice<br><br></td>
                <td align="right">£3.50</td>
                <td align="right">£3.50</td>
            </tr>
                <tr>
        <td colspan="99">
            <hr>
        </td>
    </tr>
                        <tr>
                <td><br></td>
                <td align="right">Sub Total</td>
                <td align="right">£31.00</td>
            </tr>
                    <tr>
                <td><br></td>
                <td align="right">Order Total</td>
                <td align="right">£31.00</td>
            </tr>
                </tbody>
</table>
</div>

--BKHimZCn--
  
[2026-08-12 03:56:01] production.DEBUG: From: TastyIgniter <noreply@tastyigniter.tld>
To: Acme Restaurant <orders@example.com>
Subject: New order on Acme Restaurant
MIME-Version: 1.0
Date: Wed, 12 Aug 2026 03:56:01 +0100
Message-ID: <aec390c20c646cf27faa125f89802dcf@tastyigniter.tld>
Content-Type: multipart/alternative; boundary=iq_8lhUm

--iq_8lhUm
Content-Type: text/plain; charset=utf-8
Content-Transfer-Encoding: quoted-printable

You received an order!

You just received an order from Maries Restaurant.

The order number is 5
This is a Pick-up order.

Customer name: Amine MRANI
Order date: 12 Aug 2026
Requested Pick-up time: 04:11 am
Payment Method: lang:igniter.payregister::default.cod.text_payment_title

This is a pick-up order
Restaurant: Maries Restaurant

thanks you

            1 x Beffy
        
        - £11.00
        - £11.00
        
            1 x Cleopatra
        
        - £14.00
        - £14.00
        
            1 x Schweppes Tonic
        
        - £2.50
        - £2.50
        
            1 x Fresh Orange Juice
        
        - £3.50
        - £3.50
        
    
            Sub Total
        £31.00
            Order Total
        £31.00
    
--iq_8lhUm
Content-Type: text/html; charset=utf-8
Content-Transfer-Encoding: quoted-printable

<h2>You just received a Pick-up order (5) from Maries Restaurant.</h2>
<p><strong>Customer name:</strong> Amine MRANI<br>
<strong>Order date:</strong> 12 Aug 2026<br>
<strong>Requested Pick-up time:</strong> 04:11 am<br>
<strong>Payment Method:</strong> lang:igniter.payregister::default.cod.text_payment_title<br>
<strong>Restaurant:</strong> Maries Restaurant<br>
<strong>Delivery Address:</strong> This is a pick-up order</p>
<p>thanks you</p>
<div class="table">
<table border="0" cellpadding="0" cellspacing="0" width="100%">
    <thead>
    <tr>
        <th width="50%" align="left">Name/Description</th>
        <th align="right">Unit Price</th>
        <th align="right">Sub Total</th>
    </tr>
    </thead>
    <tbody>
                        <tr>
                <td>1 x Beffy<br><br></td>
                <td align="right">£11.00</td>
                <td align="right">£11.00</td>
            </tr>
                    <tr>
                <td>1 x Cleopatra<br><br></td>
                <td align="right">£14.00</td>
                <td align="right">£14.00</td>
            </tr>
                    <tr>
                <td>1 x Schweppes Tonic<br><br></td>
                <td align="right">£2.50</td>
                <td align="right">£2.50</td>
            </tr>
                    <tr>
                <td>1 x Fresh Orange Juice<br><br></td>
                <td align="right">£3.50</td>
                <td align="right">£3.50</td>
            </tr>
                <tr>
        <td colspan="3">
            <hr>
        </td>
    </tr>
                        <tr>
                <td><br></td>
                <td align="right">Sub Total</td>
                <td align="right">£31.00</td>
            </tr>
                    <tr>
                <td><br></td>
                <td align="right">Order Total</td>
                <td align="right">£31.00</td>
            </tr>
                </tbody>
</table>
</div>

--iq_8lhUm--
  
[2026-08-12 03:56:23] production.DEBUG: From: TastyIgniter <noreply@tastyigniter.tld>
To: Amine MRANI <amine@elalaoui.biz>
Subject: Your Order Update - 5
MIME-Version: 1.0
Date: Wed, 12 Aug 2026 03:56:23 +0100
Message-ID: <1b848e488a96a26d6c9f77bbe4ff3a4a@tastyigniter.tld>
Content-Type: multipart/alternative; boundary=HGa8pu0t

--HGa8pu0t
Content-Type: text/plain; charset=utf-8
Content-Transfer-Encoding: quoted-printable

Order Update!

Your order 5 has been updated to the following status: Preparation

The comments for your order are:
Your order is in the kitchen

To view your order progress, click the link below
http://127.0.0.1:8080/account/order
--HGa8pu0t
Content-Type: text/html; charset=utf-8
Content-Transfer-Encoding: quoted-printable

<p>Hi Amine MRANI,</p>
<p>Your order <strong>5</strong> has been updated to the following status: <br>
<strong>Preparation</strong></p>
<p>The comments for your order are: <br>
<strong>Your order is in the kitchen</strong></p>
<table class="action" align="center" width="100%" cellpadding="0" cellspacing="0">
    <tr>
        <td>
            <table width="100%" border="0" cellpadding="0" cellspacing="0">
                <tr>
                    <td>
                        <table border="0" cellpadding="0" cellspacing="0">
                            <tr>
                                <td>
                                    <a href="http://127.0.0.1:8080/account/order" class="button button-primary" target="_blank">View your order progress</a>
                                </td>
                            </tr>
                        </table>
                    </td>
                </tr>
            </table>
        </td>
    </tr>
</table>

--HGa8pu0t--
  
[2026-08-12 03:56:43] production.ERROR: Reading Exif data is not supported by this PHP installation. {"userId":1,"exception":"[object] (Intervention\\Image\\Exception\\NotSupportedException(code: 0): Reading Exif data is not supported by this PHP installation. at /home/lone/MariesRestaurant /vendor/intervention/image/src/Intervention/Image/Commands/ExifCommand.php:22)
[stacktrace]
#0 /home/lone/MariesRestaurant /vendor/intervention/image/src/Intervention/Image/AbstractDriver.php(94): Intervention\\Image\\Commands\\ExifCommand->execute()
#1 /home/lone/MariesRestaurant /vendor/intervention/image/src/Intervention/Image/Image.php(108): Intervention\\Image\\AbstractDriver->executeCommand()
#2 /home/lone/MariesRestaurant /vendor/intervention/image/src/Intervention/Image/Commands/OrientateCommand.php(15): Intervention\\Image\\Image->__call()
#3 /home/lone/MariesRestaurant /vendor/intervention/image/src/Intervention/Image/AbstractDriver.php(94): Intervention\\Image\\Commands\\OrientateCommand->execute()
#4 /home/lone/MariesRestaurant /vendor/intervention/image/src/Intervention/Image/Image.php(108): Intervention\\Image\\AbstractDriver->executeCommand()
#5 /home/lone/MariesRestaurant /vendor/league/glide/src/Manipulators/Orientation.php(24): Intervention\\Image\\Image->__call()
#6 /home/lone/MariesRestaurant /vendor/league/glide/src/Api/Api.php(102): League\\Glide\\Manipulators\\Orientation->run()
#7 /home/lone/MariesRestaurant /vendor/league/glide/src/Server.php(696): League\\Glide\\Api\\Api->run()
#8 /home/lone/MariesRestaurant /vendor/tastyigniter/core/src/Flame/Database/Attach/Manipulator.php(77): League\\Glide\\Server->makeImage()
#9 /home/lone/MariesRestaurant /vendor/tastyigniter/core/src/Main/Classes/MediaLibrary.php(289): Igniter\\Flame\\Database\\Attach\\Manipulator->manipulate()
#10 /home/lone/MariesRestaurant /vendor/tastyigniter/core/src/Main/FormWidgets/MediaFinder.php(147): Igniter\\Main\\Classes\\MediaLibrary->getMediaThumb()
#11 /home/lone/MariesRestaurant /storage/framework/views/155d164e04402be5f2ba842f91a238f3.php(24): Igniter\\Main\\FormWidgets\\MediaFinder->getMediaThumb()
#12 /home/lone/MariesRestaurant /vendor/tastyigniter/core/src/System/Traits/ViewMaker.php(215): include('...')
#13 /home/lone/MariesRestaurant /vendor/tastyigniter/core/src/System/Traits/ViewMaker.php(242): Igniter\\Admin\\Classes\\BaseWidget->makeFileContent()
#14 /home/lone/MariesRestaurant /vendor/tastyigniter/core/src/System/Traits/ViewMaker.php(183): Igniter\\Admin\\Classes\\BaseWidget->makeViewContent()
#15 /home/lone/MariesRestaurant /storage/framework/views/c5ad50ee9d610e9958b0816bc212089f.php(7): Igniter\\Admin\\Classes\\BaseWidget->makePartial()
#16 /home/lone/MariesRestaurant /vendor/tastyigniter/core/src/System/Traits/ViewMaker.php(215): include('...')
#17 /home/lone/MariesRestaurant /vendor/tastyigniter/core/src/System/Traits/ViewMaker.php(242): Igniter\\Admin\\Classes\\BaseWidget->makeFileContent()
#18 /home/lone/MariesRestaurant /vendor/tastyigniter/core/src/System/Traits/ViewMaker.php(183): Igniter\\Admin\\Classes\\BaseWidget->makeViewContent()
#19 /home/lone/MariesRestaurant /storage/framework/views/b90abf3f930eff5351790131b207477b.php(10): Igniter\\Admin\\Classes\\BaseWidget->makePartial()
#20 /home/lone/MariesRestaurant /vendor/tastyigniter/core/src/System/Traits/ViewMaker.php(215): include('...')
#21 /home/lone/MariesRestaurant /vendor/tastyigniter/core/src/System/Traits/ViewMaker.php(242): Igniter\\Admin\\Classes\\BaseWidget->makeFileContent()
#22 /home/lone/MariesRestaurant /vendor/tastyigniter/core/src/System/Traits/ViewMaker.php(183): Igniter\\Admin\\Classes\\BaseWidget->makeViewContent()
#23 /home/lone/MariesRestaurant /vendor/tastyigniter/core/src/Main/FormWidgets/MediaFinder.php(81): Igniter\\Admin\\Classes\\BaseWidget->makePartial()
#24 /home/lone/MariesRestaurant /storage/framework/views/1f46025edf35c7a1626c456e17a6f0c9.php(1): Igniter\\Main\\FormWidgets\\MediaFinder->render()
#25 /home/lone/MariesRestaurant /vendor/tastyigniter/core/src/System/Traits/ViewMaker.php(215): include('...')
#26 /home/lone/MariesRestaurant /vendor/tastyigniter/core/src/System/Traits/ViewMaker.php(242): Igniter\\Admin\\Classes\\BaseWidget->makeFileContent()
#27 /home/lone/MariesRestaurant /vendor/tastyigniter/core/src/System/Traits/ViewMaker.php(183): Igniter\\Admin\\Classes\\BaseWidget->makeViewContent()
#28 /home/lone/MariesRestaurant /vendor/tastyigniter/core/src/Admin/Widgets/Form.php(215): Igniter\\Admin\\Classes\\BaseWidget->makePartial()
#29 /home/lone/MariesRestaurant /storage/framework/views/dca20d47d22a438640b2e40353290091.php(16): Igniter\\Admin\\Widgets\\Form->renderFieldElement()
#30 /home/lone/MariesRestaurant /vendor/tastyigniter/core/src/System/Traits/ViewMaker.php(215): include('...')
#31 /home/lone/MariesRestaurant /vendor/tastyigniter/core/src/System/Traits/ViewMaker.php(242): Igniter\\Admin\\Classes\\BaseWidget->makeFileContent()
#32 /home/lone/MariesRestaurant /vendor/tastyigniter/core/src/System/Traits/ViewMaker.php(183): Igniter\\Admin\\Classes\\BaseWidget->makeViewContent()
#33 /home/lone/MariesRestaurant /storage/framework/views/c423d94e919a6df5fcd14fabfeb4ed50.php(13): Igniter\\Admin\\Classes\\BaseWidget->makePartial()
#34 /home/lone/MariesRestaurant /vendor/tastyigniter/core/src/System/Traits/ViewMaker.php(215): include('...')
#35 /home/lone/MariesRestaurant /vendor/tastyigniter/core/src/System/Traits/ViewMaker.php(242): Igniter\\Admin\\Classes\\BaseWidget->makeFileContent()
#36 /home/lone/MariesRestaurant /vendor/tastyigniter/core/src/System/Traits/ViewMaker.php(183): Igniter\\Admin\\Classes\\BaseWidget->makeViewContent()
#37 /home/lone/MariesRestaurant /storage/framework/views/c2698f34c35ee1af9f17c85eeedec770.php(2): Igniter\\Admin\\Classes\\BaseWidget->makePartial()
#38 /home/lone/MariesRestaurant /vendor/tastyigniter/core/src/System/Traits/ViewMaker.php(215): include('...')
#39 /home/lone/MariesRestaurant /vendor/tastyigniter/core/src/System/Traits/ViewMaker.php(242): Igniter\\Admin\\Classes\\BaseWidget->makeFileContent()
#40 /home/lone/MariesRestaurant /vendor/tastyigniter/core/src/System/Traits/ViewMaker.php(183): Igniter\\Admin\\Classes\\BaseWidget->makeViewContent()
#41 /home/lone/MariesRestaurant /storage/framework/views/474c501009621840c3e6311f9ff1c2b3.php(27): Igniter\\Admin\\Classes\\BaseWidget->makePartial()
#42 /home/lone/MariesRestaurant /vendor/tastyigniter/core/src/System/Traits/ViewMaker.php(215): include('...')
#43 /home/lone/MariesRestaurant /vendor/tastyigniter/core/src/System/Traits/ViewMaker.php(242): Igniter\\Admin\\Classes\\BaseWidget->makeFileContent()
#44 /home/lone/MariesRestaurant /vendor/tastyigniter/core/src/System/Traits/ViewMaker.php(183): Igniter\\Admin\\Classes\\BaseWidget->makeViewContent()
#45 /home/lone/MariesRestaurant /storage/framework/views/7665d270b2d903dd7b392a44f440f3e2.php(18): Igniter\\Admin\\Classes\\BaseWidget->makePartial()
#46 /home/lone/MariesRestaurant /vendor/tastyigniter/core/src/System/Traits/ViewMaker.php(215): include('...')
#47 /home/lone/MariesRestaurant /vendor/tastyigniter/core/src/System/Traits/ViewMaker.php(242): Igniter\\Admin\\Classes\\BaseWidget->makeFileContent()
#48 /home/lone/MariesRestaurant /vendor/tastyigniter/core/src/System/Traits/ViewMaker.php(183): Igniter\\Admin\\Classes\\BaseWidget->makeViewContent()
#49 /home/lone/MariesRestaurant /storage/framework/views/08c3990d1b608e8f87a5076df6158a73.php(7): Igniter\\Admin\\Classes\\BaseWidget->makePartial()
#50 /home/lone/MariesRestaurant /vendor/tastyigniter/core/src/System/Traits/ViewMaker.php(215): include('...')
#51 /home/lone/MariesRestaurant /vendor/tastyigniter/core/src/System/Traits/ViewMaker.php(242): Igniter\\Admin\\Classes\\BaseWidget->makeFileContent()
#52 /home/lone/MariesRestaurant /vendor/tastyigniter/core/src/System/Traits/ViewMaker.php(183): Igniter\\Admin\\Classes\\BaseWidget->makeViewContent()
#53 /home/lone/MariesRestaurant /storage/framework/views/22be902a8dc80979e8f5616306cbfa00.php(9): Igniter\\Admin\\Classes\\BaseWidget->makePartial()
#54 /home/lone/MariesRestaurant /vendor/tastyigniter/core/src/System/Traits/ViewMaker.php(215): include('...')
#55 /home/lone/MariesRestaurant /vendor/tastyigniter/core/src/System/Traits/ViewMaker.php(242): Igniter\\Admin\\Classes\\BaseWidget->makeFileContent()
#56 /home/lone/MariesRestaurant /vendor/tastyigniter/core/src/System/Traits/ViewMaker.php(183): Igniter\\Admin\\Classes\\BaseWidget->makeViewContent()
#57 /home/lone/MariesRestaurant /vendor/tastyigniter/core/src/Admin/Widgets/Form.php(176): Igniter\\Admin\\Classes\\BaseWidget->makePartial()
#58 /home/lone/MariesRestaurant /storage/framework/views/4c41e4d1e29bcfc7dc63b32165f91c05.php(27): Igniter\\Admin\\Widgets\\Form->render()
#59 /home/lone/MariesRestaurant /vendor/tastyigniter/core/src/System/Traits/ViewMaker.php(215): include('...')
#60 /home/lone/MariesRestaurant /vendor/tastyigniter/core/src/System/Traits/ViewMaker.php(242): Igniter\\Admin\\Classes\\AdminController->makeFileContent()
#61 /home/lone/MariesRestaurant /vendor/tastyigniter/core/src/System/Traits/ViewMaker.php(147): Igniter\\Admin\\Classes\\AdminController->makeViewContent()
#62 /home/lone/MariesRestaurant /vendor/tastyigniter/core/src/Admin/Classes/AdminController.php(193): Igniter\\Admin\\Classes\\AdminController->makeView()
#63 /home/lone/MariesRestaurant /vendor/tastyigniter/core/src/Admin/Classes/AdminController.php(174): Igniter\\Admin\\Classes\\AdminController->execPageAction()
#64 /home/lone/MariesRestaurant /vendor/tastyigniter/core/src/Admin/Traits/ControllerUtils.php(76): Igniter\\Admin\\Classes\\AdminController->remap()
#65 /home/lone/MariesRestaurant /vendor/laravel/framework/src/Illuminate/Routing/ControllerDispatcher.php(43): Igniter\\Admin\\Classes\\AdminController->callAction()
#66 /home/lone/MariesRestaurant /vendor/laravel/framework/src/Illuminate/Routing/Route.php(265): Illuminate\\Routing\\ControllerDispatcher->dispatch()
#67 /home/lone/MariesRestaurant /vendor/laravel/framework/src/Illuminate/Routing/Route.php(211): Illuminate\\Routing\\Route->runController()
#68 /home/lone/MariesRestaurant /vendor/laravel/framework/src/Illuminate/Routing/Router.php(822): Illuminate\\Routing\\Route->run()
#69 /home/lone/MariesRestaurant /vendor/laravel/framework/src/Illuminate/Pipeline/Pipeline.php(180): Illuminate\\Routing\\Router->{closure:Illuminate\\Routing\\Router::runRouteWithinStack():821}()
#70 /home/lone/MariesRestaurant /vendor/tastyigniter/ti-ext-user/src/Http/Middleware/LogUserLastSeen.php(27): Illuminate\\Pipeline\\Pipeline->{closure:Illuminate\\Pipeline\\Pipeline::prepareDestination():178}()
#71 /home/lone/MariesRestaurant /vendor/laravel/framework/src/Illuminate/Pipeline/Pipeline.php(219): Igniter\\User\\Http\\Middleware\\LogUserLastSeen->handle()
#72 /home/lone/MariesRestaurant /vendor/tastyigniter/ti-ext-cart/src/Http/Middleware/InjectStatusWorkflow.php(18): Illuminate\\Pipeline\\Pipeline->{closure:{closure:Illuminate\\Pipeline\\Pipeline::carry():194}:195}()
#73 /home/lone/MariesRestaurant /vendor/laravel/framework/src/Illuminate/Pipeline/Pipeline.php(219): Igniter\\Cart\\Http\\Middleware\\InjectStatusWorkflow->handle()
#74 /home/lone/MariesRestaurant /vendor/tastyigniter/core/src/Main/Http/Middleware/CheckInitialSetup.php(21): Illuminate\\Pipeline\\Pipeline->{closure:{closure:Illuminate\\Pipeline\\Pipeline::carry():194}:195}()
#75 /home/lone/MariesRestaurant /vendor/laravel/framework/src/Illuminate/Pipeline/Pipeline.php(219): Igniter\\Main\\Http\\Middleware\\CheckInitialSetup->handle()
#76 /home/lone/MariesRestaurant /vendor/tastyigniter/core/src/Main/Http/Middleware/CheckMaintenance.php(25): Illuminate\\Pipeline\\Pipeline->{closure:{closure:Illuminate\\Pipeline\\Pipeline::carry():194}:195}()
#77 /home/lone/MariesRestaurant /vendor/laravel/framework/src/Illuminate/Pipeline/Pipeline.php(219): Igniter\\Main\\Http\\Middleware\\CheckMaintenance->handle()
#78 /home/lone/MariesRestaurant /vendor/tastyigniter/ti-ext-user/src/Http/Middleware/InjectImpersonateBanner.php(17): Illuminate\\Pipeline\\Pipeline->{closure:{closure:Illuminate\\Pipeline\\Pipeline::carry():194}:195}()
#79 /home/lone/MariesRestaurant /vendor/laravel/framework/src/Illuminate/Pipeline/Pipeline.php(219): Igniter\\User\\Http\\Middleware\\InjectImpersonateBanner->handle()
#80 /home/lone/MariesRestaurant /vendor/tastyigniter/ti-ext-local/src/Http/Middleware/CheckLocation.php(29): Illuminate\\Pipeline\\Pipeline->{closure:{closure:Illuminate\\Pipeline\\Pipeline::carry():194}:195}()
#81 /home/lone/MariesRestaurant /vendor/laravel/framework/src/Illuminate/Pipeline/Pipeline.php(219): Igniter\\Local\\Http\\Middleware\\CheckLocation->handle()
#82 /home/lone/MariesRestaurant /vendor/tastyigniter/core/src/System/Http/Middleware/PoweredBy.php(15): Illuminate\\Pipeline\\Pipeline->{closure:{closure:Illuminate\\Pipeline\\Pipeline::carry():194}:195}()
#83 /home/lone/MariesRestaurant /vendor/laravel/framework/src/Illuminate/Pipeline/Pipeline.php(219): Igniter\\System\\Http\\Middleware\\PoweredBy->handle()
#84 /home/lone/MariesRestaurant /vendor/tastyigniter/core/src/System/Http/Middleware/CheckRequirements.php(21): Illuminate\\Pipeline\\Pipeline->{closure:{closure:Illuminate\\Pipeline\\Pipeline::carry():194}:195}()
#85 /home/lone/MariesRestaurant /vendor/laravel/framework/src/Illuminate/Pipeline/Pipeline.php(219): Igniter\\System\\Http\\Middleware\\CheckRequirements->handle()
#86 /home/lone/MariesRestaurant /vendor/tastyigniter/core/src/Flame/Translation/Middleware/Localization.php(28): Illuminate\\Pipeline\\Pipeline->{closure:{closure:Illuminate\\Pipeline\\Pipeline::carry():194}:195}()
#87 /home/lone/MariesRestaurant /vendor/laravel/framework/src/Illuminate/Pipeline/Pipeline.php(219): Igniter\\Flame\\Translation\\Middleware\\Localization->handle()
#88 /home/lone/MariesRestaurant /vendor/laravel/framework/src/Illuminate/Routing/Middleware/SubstituteBindings.php(50): Illuminate\\Pipeline\\Pipeline->{closure:{closure:Illuminate\\Pipeline\\Pipeline::carry():194}:195}()
#89 /home/lone/MariesRestaurant /vendor/laravel/framework/src/Illuminate/Pipeline/Pipeline.php(219): Illuminate\\Routing\\Middleware\\SubstituteBindings->handle()
#90 /home/lone/MariesRestaurant /vendor/laravel/framework/src/Illuminate/Auth/Middleware/Authenticate.php(63): Illuminate\\Pipeline\\Pipeline->{closure:{closure:Illuminate\\Pipeline\\Pipeline::carry():194}:195}()
#91 /home/lone/MariesRestaurant /vendor/tastyigniter/ti-ext-user/src/Http/Middleware/Authenticate.php(38): Illuminate\\Auth\\Middleware\\Authenticate->handle()
#92 /home/lone/MariesRestaurant /vendor/laravel/framework/src/Illuminate/Pipeline/Pipeline.php(219): Igniter\\User\\Http\\Middleware\\Authenticate->handle()
#93 /home/lone/MariesRestaurant /vendor/laravel/framework/src/Illuminate/Foundation/Http/Middleware/VerifyCsrfToken.php(87): Illuminate\\Pipeline\\Pipeline->{closure:{closure:Illuminate\\Pipeline\\Pipeline::carry():194}:195}()
#94 /home/lone/MariesRestaurant /vendor/laravel/framework/src/Illuminate/Pipeline/Pipeline.php(219): Illuminate\\Foundation\\Http\\Middleware\\VerifyCsrfToken->handle()
#95 /home/lone/MariesRestaurant /vendor/laravel/framework/src/Illuminate/View/Middleware/ShareErrorsFromSession.php(48): Illuminate\\Pipeline\\Pipeline->{closure:{closure:Illuminate\\Pipeline\\Pipeline::carry():194}:195}()
#96 /home/lone/MariesRestaurant /vendor/laravel/framework/src/Illuminate/Pipeline/Pipeline.php(219): Illuminate\\View\\Middleware\\ShareErrorsFromSession->handle()
#97 /home/lone/MariesRestaurant /vendor/laravel/framework/src/Illuminate/Session/Middleware/StartSession.php(120): Illuminate\\Pipeline\\Pipeline->{closure:{closure:Illuminate\\Pipeline\\Pipeline::carry():194}:195}()
#98 /home/lone/MariesRestaurant /vendor/laravel/framework/src/Illuminate/Session/Middleware/StartSession.php(63): Illuminate\\Session\\Middleware\\StartSession->handleStatefulRequest()
#99 /home/lone/MariesRestaurant /vendor/laravel/framework/src/Illuminate/Pipeline/Pipeline.php(219): Illuminate\\Session\\Middleware\\StartSession->handle()
#100 /home/lone/MariesRestaurant /vendor/laravel/framework/src/Illuminate/Cookie/Middleware/AddQueuedCookiesToResponse.php(36): Illuminate\\Pipeline\\Pipeline->{closure:{closure:Illuminate\\Pipeline\\Pipeline::carry():194}:195}()
#101 /home/lone/MariesRestaurant /vendor/laravel/framework/src/Illuminate/Pipeline/Pipeline.php(219): Illuminate\\Cookie\\Middleware\\AddQueuedCookiesToResponse->handle()
#102 /home/lone/MariesRestaurant /vendor/laravel/framework/src/Illuminate/Cookie/Middleware/EncryptCookies.php(74): Illuminate\\Pipeline\\Pipeline->{closure:{closure:Illuminate\\Pipeline\\Pipeline::carry():194}:195}()
#103 /home/lone/MariesRestaurant /vendor/laravel/framework/src/Illuminate/Pipeline/Pipeline.php(219): Illuminate\\Cookie\\Middleware\\EncryptCookies->handle()
#104 /home/lone/MariesRestaurant /vendor/laravel/framework/src/Illuminate/Pipeline/Pipeline.php(137): Illuminate\\Pipeline\\Pipeline->{closure:{closure:Illuminate\\Pipeline\\Pipeline::carry():194}:195}()
#105 /home/lone/MariesRestaurant /vendor/laravel/framework/src/Illuminate/Routing/Router.php(821): Illuminate\\Pipeline\\Pipeline->then()
#106 /home/lone/MariesRestaurant /vendor/laravel/framework/src/Illuminate/Routing/Router.php(800): Illuminate\\Routing\\Router->runRouteWithinStack()
#107 /home/lone/MariesRestaurant /vendor/laravel/framework/src/Illuminate/Routing/Router.php(764): Illuminate\\Routing\\Router->runRoute()
#108 /home/lone/MariesRestaurant /vendor/laravel/framework/src/Illuminate/Routing/Router.php(753): Illuminate\\Routing\\Router->dispatchToRoute()
#109 /home/lone/MariesRestaurant /vendor/laravel/framework/src/Illuminate/Foundation/Http/Kernel.php(200): Illuminate\\Routing\\Router->dispatch()
#110 /home/lone/MariesRestaurant /vendor/laravel/framework/src/Illuminate/Pipeline/Pipeline.php(180): Illuminate\\Foundation\\Http\\Kernel->{closure:Illuminate\\Foundation\\Http\\Kernel::dispatchToRouter():197}()
#111 /home/lone/MariesRestaurant /vendor/livewire/livewire/src/Features/SupportDisablingBackButtonCache/DisableBackButtonCacheMiddleware.php(19): Illuminate\\Pipeline\\Pipeline->{closure:Illuminate\\Pipeline\\Pipeline::prepareDestination():178}()
#112 /home/lone/MariesRestaurant /vendor/laravel/framework/src/Illuminate/Pipeline/Pipeline.php(219): Livewire\\Features\\SupportDisablingBackButtonCache\\DisableBackButtonCacheMiddleware->handle()
#113 /home/lone/MariesRestaurant /vendor/laravel/framework/src/Illuminate/Foundation/Http/Middleware/TransformsRequest.php(21): Illuminate\\Pipeline\\Pipeline->{closure:{closure:Illuminate\\Pipeline\\Pipeline::carry():194}:195}()
#114 /home/lone/MariesRestaurant /vendor/laravel/framework/src/Illuminate/Foundation/Http/Middleware/ConvertEmptyStringsToNull.php(31): Illuminate\\Foundation\\Http\\Middleware\\TransformsRequest->handle()
#115 /home/lone/MariesRestaurant /vendor/laravel/framework/src/Illuminate/Pipeline/Pipeline.php(219): Illuminate\\Foundation\\Http\\Middleware\\ConvertEmptyStringsToNull->handle()
#116 /home/lone/MariesRestaurant /vendor/laravel/framework/src/Illuminate/Foundation/Http/Middleware/TransformsRequest.php(21): Illuminate\\Pipeline\\Pipeline->{closure:{closure:Illuminate\\Pipeline\\Pipeline::carry():194}:195}()
#117 /home/lone/MariesRestaurant /vendor/laravel/framework/src/Illuminate/Foundation/Http/Middleware/TrimStrings.php(51): Illuminate\\Foundation\\Http\\Middleware\\TransformsRequest->handle()
#118 /home/lone/MariesRestaurant /vendor/laravel/framework/src/Illuminate/Pipeline/Pipeline.php(219): Illuminate\\Foundation\\Http\\Middleware\\TrimStrings->handle()
#119 /home/lone/MariesRestaurant /vendor/laravel/framework/src/Illuminate/Http/Middleware/ValidatePostSize.php(27): Illuminate\\Pipeline\\Pipeline->{closure:{closure:Illuminate\\Pipeline\\Pipeline::carry():194}:195}()
#120 /home/lone/MariesRestaurant /vendor/laravel/framework/src/Illuminate/Pipeline/Pipeline.php(219): Illuminate\\Http\\Middleware\\ValidatePostSize->handle()
#121 /home/lone/MariesRestaurant /vendor/laravel/framework/src/Illuminate/Foundation/Http/Middleware/PreventRequestsDuringMaintenance.php(109): Illuminate\\Pipeline\\Pipeline->{closure:{closure:Illuminate\\Pipeline\\Pipeline::carry():194}:195}()
#122 /home/lone/MariesRestaurant /vendor/laravel/framework/src/Illuminate/Pipeline/Pipeline.php(219): Illuminate\\Foundation\\Http\\Middleware\\PreventRequestsDuringMaintenance->handle()
#123 /home/lone/MariesRestaurant /vendor/laravel/framework/src/Illuminate/Http/Middleware/HandleCors.php(61): Illuminate\\Pipeline\\Pipeline->{closure:{closure:Illuminate\\Pipeline\\Pipeline::carry():194}:195}()
#124 /home/lone/MariesRestaurant /vendor/laravel/framework/src/Illuminate/Pipeline/Pipeline.php(219): Illuminate\\Http\\Middleware\\HandleCors->handle()
#125 /home/lone/MariesRestaurant /vendor/laravel/framework/src/Illuminate/Http/Middleware/TrustProxies.php(58): Illuminate\\Pipeline\\Pipeline->{closure:{closure:Illuminate\\Pipeline\\Pipeline::carry():194}:195}()
#126 /home/lone/MariesRestaurant /vendor/laravel/framework/src/Illuminate/Pipeline/Pipeline.php(219): Illuminate\\Http\\Middleware\\TrustProxies->handle()
#127 /home/lone/MariesRestaurant /vendor/laravel/framework/src/Illuminate/Pipeline/Pipeline.php(137): Illuminate\\Pipeline\\Pipeline->{closure:{closure:Illuminate\\Pipeline\\Pipeline::carry():194}:195}()
#128 /home/lone/MariesRestaurant /vendor/laravel/framework/src/Illuminate/Foundation/Http/Kernel.php(175): Illuminate\\Pipeline\\Pipeline->then()
#129 /home/lone/MariesRestaurant /vendor/laravel/framework/src/Illuminate/Foundation/Http/Kernel.php(144): Illuminate\\Foundation\\Http\\Kernel->sendRequestThroughRouter()
#130 /home/lone/MariesRestaurant /public/index.php(51): Illuminate\\Foundation\\Http\\Kernel->handle()
#131 /home/lone/MariesRestaurant /vendor/laravel/framework/src/Illuminate/Foundation/resources/server.php(23): require_once('...')
#132 {main}
"} 
[2026-08-12 04:28:04] production.ERROR: There are no commands defined in the "ig:theme" namespace.

Did you mean one of these?
    config
    igniter
    migrate {"exception":"[object] (Symfony\\Component\\Console\\Exception\\NamespaceNotFoundException(code: 0): There are no commands defined in the \"ig:theme\" namespace.

Did you mean one of these?
    config
    igniter
    migrate at /home/lone/MariesRestaurant /vendor/symfony/console/Application.php:694)
[stacktrace]
#0 /home/lone/MariesRestaurant /vendor/symfony/console/Application.php(743): Symfony\\Component\\Console\\Application->findNamespace()
#1 /home/lone/MariesRestaurant /vendor/symfony/console/Application.php(298): Symfony\\Component\\Console\\Application->find()
#2 /home/lone/MariesRestaurant /vendor/symfony/console/Application.php(195): Symfony\\Component\\Console\\Application->doRun()
#3 /home/lone/MariesRestaurant /vendor/laravel/framework/src/Illuminate/Foundation/Console/Kernel.php(198): Symfony\\Component\\Console\\Application->run()
#4 /home/lone/MariesRestaurant /artisan(35): Illuminate\\Foundation\\Console\\Kernel->handle()
#5 {main}
"} 
[2026-08-12 16:54:13] production.ERROR: Command "igniter:version" is not defined.

Did you mean one of these?
    igniter:api-token
    igniter:assignable-allocate
    igniter:down
    igniter:extension-install
    igniter:extension-refresh
    igniter:extension-remove
    igniter:install
    igniter:language-install
    igniter:package-discover
    igniter:passwd
    igniter:theme-install
    igniter:theme-publish
    igniter:theme-remove
    igniter:theme-vendor-publish
    igniter:up
    igniter:update
    igniter:user-state-clear
    igniter:util {"exception":"[object] (Symfony\\Component\\Console\\Exception\\CommandNotFoundException(code: 0): Command \"igniter:version\" is not defined.

Did you mean one of these?
    igniter:api-token
    igniter:assignable-allocate
    igniter:down
    igniter:extension-install
    igniter:extension-refresh
    igniter:extension-remove
    igniter:install
    igniter:language-install
    igniter:package-discover
    igniter:passwd
    igniter:theme-install
    igniter:theme-publish
    igniter:theme-remove
    igniter:theme-vendor-publish
    igniter:up
    igniter:update
    igniter:user-state-clear
    igniter:util at /home/lone/MariesRestaurant /vendor/symfony/console/Application.php:759)
[stacktrace]
#0 /home/lone/MariesRestaurant /vendor/symfony/console/Application.php(298): Symfony\\Component\\Console\\Application->find()
#1 /home/lone/MariesRestaurant /vendor/symfony/console/Application.php(195): Symfony\\Component\\Console\\Application->doRun()
#2 /home/lone/MariesRestaurant /vendor/laravel/framework/src/Illuminate/Foundation/Console/Kernel.php(198): Symfony\\Component\\Console\\Application->run()
#3 /home/lone/MariesRestaurant /artisan(35): Illuminate\\Foundation\\Console\\Kernel->handle()
#4 {main}
"} 
[2026-08-12 16:25:48] production.ERROR: SQLSTATE[HY000]: General error: 3750 Unable to create or change a table without a primary key, when the system variable 'sql_require_primary_key' is set. Add a primary key to the table or unset this variable to avoid this message. Note that tables without a primary key can cause performance problems in row-based replication, so please consult your DBA before changing this setting. (Connection: mysql, Host: db.fr-roub1.bengt.wasmernet.com, Port: 20184, Database: db_06283ba7, SQL: create table `ti_password_resets` (`email` varchar(255) not null, `token` varchar(255) not null, `created_at` timestamp null) default character set utf8mb4 collate 'utf8mb4_unicode_ci') {"exception":"[object] (Illuminate\\Database\\QueryException(code: HY000): SQLSTATE[HY000]: General error: 3750 Unable to create or change a table without a primary key, when the system variable 'sql_require_primary_key' is set. Add a primary key to the table or unset this variable to avoid this message. Note that tables without a primary key can cause performance problems in row-based replication, so please consult your DBA before changing this setting. (Connection: mysql, Host: db.fr-roub1.bengt.wasmernet.com, Port: 20184, Database: db_06283ba7, SQL: create table `ti_password_resets` (`email` varchar(255) not null, `token` varchar(255) not null, `created_at` timestamp null) default character set utf8mb4 collate 'utf8mb4_unicode_ci') at /home/lone/MariesRestaurant /vendor/laravel/framework/src/Illuminate/Database/Connection.php:838)
[stacktrace]
#0 /home/lone/MariesRestaurant /vendor/laravel/framework/src/Illuminate/Database/Connection.php(794): Illuminate\\Database\\Connection->runQueryCallback()
#1 /home/lone/MariesRestaurant /vendor/laravel/framework/src/Illuminate/Database/Connection.php(573): Illuminate\\Database\\Connection->run()
#2 /home/lone/MariesRestaurant /vendor/laravel/framework/src/Illuminate/Database/Schema/Blueprint.php(121): Illuminate\\Database\\Connection->statement()
#3 /home/lone/MariesRestaurant /vendor/laravel/framework/src/Illuminate/Database/Schema/Builder.php(686): Illuminate\\Database\\Schema\\Blueprint->build()
#4 /home/lone/MariesRestaurant /vendor/laravel/framework/src/Illuminate/Database/Schema/Builder.php(506): Illuminate\\Database\\Schema\\Builder->build()
#5 /home/lone/MariesRestaurant /vendor/laravel/framework/src/Illuminate/Support/Facades/Facade.php(363): Illuminate\\Database\\Schema\\Builder->create()
#6 /home/lone/MariesRestaurant /database/migrations/2014_10_12_100000_create_password_resets_table.php(16): Illuminate\\Support\\Facades\\Facade::__callStatic()
#7 /home/lone/MariesRestaurant /vendor/laravel/framework/src/Illuminate/Database/Migrations/Migrator.php(517): Illuminate\\Database\\Migrations\\Migration@anonymous->up()
#8 /home/lone/MariesRestaurant /vendor/laravel/framework/src/Illuminate/Database/Migrations/Migrator.php(442): Illuminate\\Database\\Migrations\\Migrator->runMethod()
#9 /home/lone/MariesRestaurant /vendor/laravel/framework/src/Illuminate/Database/Migrations/Migrator.php(451): Illuminate\\Database\\Migrations\\Migrator->{closure:Illuminate\\Database\\Migrations\\Migrator::runMigration():438}()
#10 /home/lone/MariesRestaurant /vendor/laravel/framework/src/Illuminate/Database/Migrations/Migrator.php(253): Illuminate\\Database\\Migrations\\Migrator->runMigration()
#11 /home/lone/MariesRestaurant /vendor/laravel/framework/src/Illuminate/Console/View/Components/Task.php(41): Illuminate\\Database\\Migrations\\Migrator->{closure:Illuminate\\Database\\Migrations\\Migrator::runUp():253}()
#12 /home/lone/MariesRestaurant /vendor/laravel/framework/src/Illuminate/Database/Migrations/Migrator.php(814): Illuminate\\Console\\View\\Components\\Task->render()
#13 /home/lone/MariesRestaurant /vendor/laravel/framework/src/Illuminate/Database/Migrations/Migrator.php(253): Illuminate\\Database\\Migrations\\Migrator->write()
#14 /home/lone/MariesRestaurant /vendor/laravel/framework/src/Illuminate/Database/Migrations/Migrator.php(211): Illuminate\\Database\\Migrations\\Migrator->runUp()
#15 /home/lone/MariesRestaurant /vendor/laravel/framework/src/Illuminate/Database/Migrations/Migrator.php(138): Illuminate\\Database\\Migrations\\Migrator->runPending()
#16 /home/lone/MariesRestaurant /vendor/laravel/framework/src/Illuminate/Database/Console/Migrations/MigrateCommand.php(116): Illuminate\\Database\\Migrations\\Migrator->run()
#17 /home/lone/MariesRestaurant /vendor/laravel/framework/src/Illuminate/Database/Migrations/Migrator.php(671): Illuminate\\Database\\Console\\Migrations\\MigrateCommand->{closure:Illuminate\\Database\\Console\\Migrations\\MigrateCommand::runMigrations():109}()
#18 /home/lone/MariesRestaurant /vendor/laravel/framework/src/Illuminate/Database/Console/Migrations/MigrateCommand.php(109): Illuminate\\Database\\Migrations\\Migrator->usingConnection()
#19 /home/lone/MariesRestaurant /vendor/laravel/framework/src/Illuminate/Database/Console/Migrations/MigrateCommand.php(88): Illuminate\\Database\\Console\\Migrations\\MigrateCommand->runMigrations()
#20 /home/lone/MariesRestaurant /vendor/laravel/framework/src/Illuminate/Container/BoundMethod.php(36): Illuminate\\Database\\Console\\Migrations\\MigrateCommand->handle()
#21 /home/lone/MariesRestaurant /vendor/laravel/framework/src/Illuminate/Container/Util.php(43): Illuminate\\Container\\BoundMethod::{closure:Illuminate\\Container\\BoundMethod::call():35}()
#22 /home/lone/MariesRestaurant /vendor/laravel/framework/src/Illuminate/Container/BoundMethod.php(96): Illuminate\\Container\\Util::unwrapIfClosure()
#23 /home/lone/MariesRestaurant /vendor/laravel/framework/src/Illuminate/Container/BoundMethod.php(35): Illuminate\\Container\\BoundMethod::callBoundMethod()
#24 /home/lone/MariesRestaurant /vendor/laravel/framework/src/Illuminate/Container/Container.php(799): Illuminate\\Container\\BoundMethod::call()
#25 /home/lone/MariesRestaurant /vendor/laravel/framework/src/Illuminate/Console/Command.php(211): Illuminate\\Container\\Container->call()
#26 /home/lone/MariesRestaurant /vendor/symfony/console/Command/Command.php(341): Illuminate\\Console\\Command->execute()
#27 /home/lone/MariesRestaurant /vendor/laravel/framework/src/Illuminate/Console/Command.php(180): Symfony\\Component\\Console\\Command\\Command->run()
#28 /home/lone/MariesRestaurant /vendor/laravel/framework/src/Illuminate/Console/Concerns/CallsCommands.php(68): Illuminate\\Console\\Command->run()
#29 /home/lone/MariesRestaurant /vendor/laravel/framework/src/Illuminate/Console/Concerns/CallsCommands.php(29): Illuminate\\Console\\Command->runCommand()
#30 /home/lone/MariesRestaurant /vendor/tastyigniter/core/src/System/Console/Commands/IgniterUp.php(52): Illuminate\\Console\\Command->call()
#31 /home/lone/MariesRestaurant /vendor/laravel/framework/src/Illuminate/Container/BoundMethod.php(36): Igniter\\System\\Console\\Commands\\IgniterUp->handle()
#32 /home/lone/MariesRestaurant /vendor/laravel/framework/src/Illuminate/Container/Util.php(43): Illuminate\\Container\\BoundMethod::{closure:Illuminate\\Container\\BoundMethod::call():35}()
#33 /home/lone/MariesRestaurant /vendor/laravel/framework/src/Illuminate/Container/BoundMethod.php(96): Illuminate\\Container\\Util::unwrapIfClosure()
#34 /home/lone/MariesRestaurant /vendor/laravel/framework/src/Illuminate/Container/BoundMethod.php(35): Illuminate\\Container\\BoundMethod::callBoundMethod()
#35 /home/lone/MariesRestaurant /vendor/laravel/framework/src/Illuminate/Container/Container.php(799): Illuminate\\Container\\BoundMethod::call()
#36 /home/lone/MariesRestaurant /vendor/laravel/framework/src/Illuminate/Console/Command.php(211): Illuminate\\Container\\Container->call()
#37 /home/lone/MariesRestaurant /vendor/symfony/console/Command/Command.php(341): Illuminate\\Console\\Command->execute()
#38 /home/lone/MariesRestaurant /vendor/laravel/framework/src/Illuminate/Console/Command.php(180): Symfony\\Component\\Console\\Command\\Command->run()
#39 /home/lone/MariesRestaurant /vendor/symfony/console/Application.php(1117): Illuminate\\Console\\Command->run()
#40 /home/lone/MariesRestaurant /vendor/symfony/console/Application.php(356): Symfony\\Component\\Console\\Application->doRunCommand()
#41 /home/lone/MariesRestaurant /vendor/symfony/console/Application.php(195): Symfony\\Component\\Console\\Application->doRun()
#42 /home/lone/MariesRestaurant /vendor/laravel/framework/src/Illuminate/Foundation/Console/Kernel.php(198): Symfony\\Component\\Console\\Application->run()
#43 /home/lone/MariesRestaurant /artisan(35): Illuminate\\Foundation\\Console\\Kernel->handle()
#44 {main}

[previous exception] [object] (PDOException(code: HY000): SQLSTATE[HY000]: General error: 3750 Unable to create or change a table without a primary key, when the system variable 'sql_require_primary_key' is set. Add a primary key to the table or unset this variable to avoid this message. Note that tables without a primary key can cause performance problems in row-based replication, so please consult your DBA before changing this setting. at /home/lone/MariesRestaurant /vendor/laravel/framework/src/Illuminate/Database/Connection.php:584)
[stacktrace]
#0 /home/lone/MariesRestaurant /vendor/laravel/framework/src/Illuminate/Database/Connection.php(584): PDOStatement->execute()
#1 /home/lone/MariesRestaurant /vendor/laravel/framework/src/Illuminate/Database/Connection.php(827): Illuminate\\Database\\Connection->{closure:Illuminate\\Database\\Connection::statement():573}()
#2 /home/lone/MariesRestaurant /vendor/laravel/framework/src/Illuminate/Database/Connection.php(794): Illuminate\\Database\\Connection->runQueryCallback()
#3 /home/lone/MariesRestaurant /vendor/laravel/framework/src/Illuminate/Database/Connection.php(573): Illuminate\\Database\\Connection->run()
#4 /home/lone/MariesRestaurant /vendor/laravel/framework/src/Illuminate/Database/Schema/Blueprint.php(121): Illuminate\\Database\\Connection->statement()
#5 /home/lone/MariesRestaurant /vendor/laravel/framework/src/Illuminate/Database/Schema/Builder.php(686): Illuminate\\Database\\Schema\\Blueprint->build()
#6 /home/lone/MariesRestaurant /vendor/laravel/framework/src/Illuminate/Database/Schema/Builder.php(506): Illuminate\\Database\\Schema\\Builder->build()
#7 /home/lone/MariesRestaurant /vendor/laravel/framework/src/Illuminate/Support/Facades/Facade.php(363): Illuminate\\Database\\Schema\\Builder->create()
#8 /home/lone/MariesRestaurant /database/migrations/2014_10_12_100000_create_password_resets_table.php(16): Illuminate\\Support\\Facades\\Facade::__callStatic()
#9 /home/lone/MariesRestaurant /vendor/laravel/framework/src/Illuminate/Database/Migrations/Migrator.php(517): Illuminate\\Database\\Migrations\\Migration@anonymous->up()
#10 /home/lone/MariesRestaurant /vendor/laravel/framework/src/Illuminate/Database/Migrations/Migrator.php(442): Illuminate\\Database\\Migrations\\Migrator->runMethod()
#11 /home/lone/MariesRestaurant /vendor/laravel/framework/src/Illuminate/Database/Migrations/Migrator.php(451): Illuminate\\Database\\Migrations\\Migrator->{closure:Illuminate\\Database\\Migrations\\Migrator::runMigration():438}()
#12 /home/lone/MariesRestaurant /vendor/laravel/framework/src/Illuminate/Database/Migrations/Migrator.php(253): Illuminate\\Database\\Migrations\\Migrator->runMigration()
#13 /home/lone/MariesRestaurant /vendor/laravel/framework/src/Illuminate/Console/View/Components/Task.php(41): Illuminate\\Database\\Migrations\\Migrator->{closure:Illuminate\\Database\\Migrations\\Migrator::runUp():253}()
#14 /home/lone/MariesRestaurant /vendor/laravel/framework/src/Illuminate/Database/Migrations/Migrator.php(814): Illuminate\\Console\\View\\Components\\Task->render()
#15 /home/lone/MariesRestaurant /vendor/laravel/framework/src/Illuminate/Database/Migrations/Migrator.php(253): Illuminate\\Database\\Migrations\\Migrator->write()
#16 /home/lone/MariesRestaurant /vendor/laravel/framework/src/Illuminate/Database/Migrations/Migrator.php(211): Illuminate\\Database\\Migrations\\Migrator->runUp()
#17 /home/lone/MariesRestaurant /vendor/laravel/framework/src/Illuminate/Database/Migrations/Migrator.php(138): Illuminate\\Database\\Migrations\\Migrator->runPending()
#18 /home/lone/MariesRestaurant /vendor/laravel/framework/src/Illuminate/Database/Console/Migrations/MigrateCommand.php(116): Illuminate\\Database\\Migrations\\Migrator->run()
#19 /home/lone/MariesRestaurant /vendor/laravel/framework/src/Illuminate/Database/Migrations/Migrator.php(671): Illuminate\\Database\\Console\\Migrations\\MigrateCommand->{closure:Illuminate\\Database\\Console\\Migrations\\MigrateCommand::runMigrations():109}()
#20 /home/lone/MariesRestaurant /vendor/laravel/framework/src/Illuminate/Database/Console/Migrations/MigrateCommand.php(109): Illuminate\\Database\\Migrations\\Migrator->usingConnection()
#21 /home/lone/MariesRestaurant /vendor/laravel/framework/src/Illuminate/Database/Console/Migrations/MigrateCommand.php(88): Illuminate\\Database\\Console\\Migrations\\MigrateCommand->runMigrations()
#22 /home/lone/MariesRestaurant /vendor/laravel/framework/src/Illuminate/Container/BoundMethod.php(36): Illuminate\\Database\\Console\\Migrations\\MigrateCommand->handle()
#23 /home/lone/MariesRestaurant /vendor/laravel/framework/src/Illuminate/Container/Util.php(43): Illuminate\\Container\\BoundMethod::{closure:Illuminate\\Container\\BoundMethod::call():35}()
#24 /home/lone/MariesRestaurant /vendor/laravel/framework/src/Illuminate/Container/BoundMethod.php(96): Illuminate\\Container\\Util::unwrapIfClosure()
#25 /home/lone/MariesRestaurant /vendor/laravel/framework/src/Illuminate/Container/BoundMethod.php(35): Illuminate\\Container\\BoundMethod::callBoundMethod()
#26 /home/lone/MariesRestaurant /vendor/laravel/framework/src/Illuminate/Container/Container.php(799): Illuminate\\Container\\BoundMethod::call()
#27 /home/lone/MariesRestaurant /vendor/laravel/framework/src/Illuminate/Console/Command.php(211): Illuminate\\Container\\Container->call()
#28 /home/lone/MariesRestaurant /vendor/symfony/console/Command/Command.php(341): Illuminate\\Console\\Command->execute()
#29 /home/lone/MariesRestaurant /vendor/laravel/framework/src/Illuminate/Console/Command.php(180): Symfony\\Component\\Console\\Command\\Command->run()
#30 /home/lone/MariesRestaurant /vendor/laravel/framework/src/Illuminate/Console/Concerns/CallsCommands.php(68): Illuminate\\Console\\Command->run()
#31 /home/lone/MariesRestaurant /vendor/laravel/framework/src/Illuminate/Console/Concerns/CallsCommands.php(29): Illuminate\\Console\\Command->runCommand()
#32 /home/lone/MariesRestaurant /vendor/tastyigniter/core/src/System/Console/Commands/IgniterUp.php(52): Illuminate\\Console\\Command->call()
#33 /home/lone/MariesRestaurant /vendor/laravel/framework/src/Illuminate/Container/BoundMethod.php(36): Igniter\\System\\Console\\Commands\\IgniterUp->handle()
#34 /home/lone/MariesRestaurant /vendor/laravel/framework/src/Illuminate/Container/Util.php(43): Illuminate\\Container\\BoundMethod::{closure:Illuminate\\Container\\BoundMethod::call():35}()
#35 /home/lone/MariesRestaurant /vendor/laravel/framework/src/Illuminate/Container/BoundMethod.php(96): Illuminate\\Container\\Util::unwrapIfClosure()
#36 /home/lone/MariesRestaurant /vendor/laravel/framework/src/Illuminate/Container/BoundMethod.php(35): Illuminate\\Container\\BoundMethod::callBoundMethod()
#37 /home/lone/MariesRestaurant /vendor/laravel/framework/src/Illuminate/Container/Container.php(799): Illuminate\\Container\\BoundMethod::call()
#38 /home/lone/MariesRestaurant /vendor/laravel/framework/src/Illuminate/Console/Command.php(211): Illuminate\\Container\\Container->call()
#39 /home/lone/MariesRestaurant /vendor/symfony/console/Command/Command.php(341): Illuminate\\Console\\Command->execute()
#40 /home/lone/MariesRestaurant /vendor/laravel/framework/src/Illuminate/Console/Command.php(180): Symfony\\Component\\Console\\Command\\Command->run()
#41 /home/lone/MariesRestaurant /vendor/symfony/console/Application.php(1117): Illuminate\\Console\\Command->run()
#42 /home/lone/MariesRestaurant /vendor/symfony/console/Application.php(356): Symfony\\Component\\Console\\Application->doRunCommand()
#43 /home/lone/MariesRestaurant /vendor/symfony/console/Application.php(195): Symfony\\Component\\Console\\Application->doRun()
#44 /home/lone/MariesRestaurant /vendor/laravel/framework/src/Illuminate/Foundation/Console/Kernel.php(198): Symfony\\Component\\Console\\Application->run()
#45 /home/lone/MariesRestaurant /artisan(35): Illuminate\\Foundation\\Console\\Kernel->handle()
#46 {main}
"} 
[2026-08-12 16:27:05] production.ERROR: SQLSTATE[HY000]: General error: 3750 Unable to create or change a table without a primary key, when the system variable 'sql_require_primary_key' is set. Add a primary key to the table or unset this variable to avoid this message. Note that tables without a primary key can cause performance problems in row-based replication, so please consult your DBA before changing this setting. (Connection: mysql, Host: db.fr-roub1.bengt.wasmernet.com, Port: 20184, Database: db_06283ba7, SQL: create table `ti_working_hours` (`location_id` int not null, `weekday` int not null, `opening_time` time not null default '00:00:00', `closing_time` time not null default '00:00:00', `status` tinyint(1) not null, `type` varchar(32) not null) default character set utf8mb4 collate 'utf8mb4_unicode_ci' engine = InnoDB) {"exception":"[object] (Illuminate\\Database\\QueryException(code: HY000): SQLSTATE[HY000]: General error: 3750 Unable to create or change a table without a primary key, when the system variable 'sql_require_primary_key' is set. Add a primary key to the table or unset this variable to avoid this message. Note that tables without a primary key can cause performance problems in row-based replication, so please consult your DBA before changing this setting. (Connection: mysql, Host: db.fr-roub1.bengt.wasmernet.com, Port: 20184, Database: db_06283ba7, SQL: create table `ti_working_hours` (`location_id` int not null, `weekday` int not null, `opening_time` time not null default '00:00:00', `closing_time` time not null default '00:00:00', `status` tinyint(1) not null, `type` varchar(32) not null) default character set utf8mb4 collate 'utf8mb4_unicode_ci' engine = InnoDB) at /home/lone/MariesRestaurant /vendor/laravel/framework/src/Illuminate/Database/Connection.php:838)
[stacktrace]
#0 /home/lone/MariesRestaurant /vendor/laravel/framework/src/Illuminate/Database/Connection.php(794): Illuminate\\Database\\Connection->runQueryCallback()
#1 /home/lone/MariesRestaurant /vendor/laravel/framework/src/Illuminate/Database/Connection.php(573): Illuminate\\Database\\Connection->run()
#2 /home/lone/MariesRestaurant /vendor/laravel/framework/src/Illuminate/Database/Schema/Blueprint.php(121): Illuminate\\Database\\Connection->statement()
#3 /home/lone/MariesRestaurant /vendor/laravel/framework/src/Illuminate/Database/Schema/Builder.php(686): Illuminate\\Database\\Schema\\Blueprint->build()
#4 /home/lone/MariesRestaurant /vendor/laravel/framework/src/Illuminate/Database/Schema/Builder.php(506): Illuminate\\Database\\Schema\\Builder->build()
#5 /home/lone/MariesRestaurant /vendor/laravel/framework/src/Illuminate/Support/Facades/Facade.php(363): Illuminate\\Database\\Schema\\Builder->create()
#6 /home/lone/MariesRestaurant /vendor/tastyigniter/core/database/migrations/system/2015_03_25_000001_create_tables.php(33): Illuminate\\Support\\Facades\\Facade::__callStatic()
#7 /home/lone/MariesRestaurant /vendor/laravel/framework/src/Illuminate/Database/Migrations/Migrator.php(517): Illuminate\\Database\\Migrations\\Migration@anonymous->up()
#8 /home/lone/MariesRestaurant /vendor/laravel/framework/src/Illuminate/Database/Migrations/Migrator.php(442): Illuminate\\Database\\Migrations\\Migrator->runMethod()
#9 /home/lone/MariesRestaurant /vendor/laravel/framework/src/Illuminate/Database/Migrations/Migrator.php(451): Illuminate\\Database\\Migrations\\Migrator->{closure:Illuminate\\Database\\Migrations\\Migrator::runMigration():438}()
#10 /home/lone/MariesRestaurant /vendor/laravel/framework/src/Illuminate/Database/Migrations/Migrator.php(253): Illuminate\\Database\\Migrations\\Migrator->runMigration()
#11 /home/lone/MariesRestaurant /vendor/laravel/framework/src/Illuminate/Console/View/Components/Task.php(41): Illuminate\\Database\\Migrations\\Migrator->{closure:Illuminate\\Database\\Migrations\\Migrator::runUp():253}()
#12 /home/lone/MariesRestaurant /vendor/laravel/framework/src/Illuminate/Database/Migrations/Migrator.php(814): Illuminate\\Console\\View\\Components\\Task->render()
#13 /home/lone/MariesRestaurant /vendor/laravel/framework/src/Illuminate/Database/Migrations/Migrator.php(253): Illuminate\\Database\\Migrations\\Migrator->write()
#14 /home/lone/MariesRestaurant /vendor/laravel/framework/src/Illuminate/Database/Migrations/Migrator.php(211): Illuminate\\Database\\Migrations\\Migrator->runUp()
#15 /home/lone/MariesRestaurant /vendor/laravel/framework/src/Illuminate/Database/Migrations/Migrator.php(138): Illuminate\\Database\\Migrations\\Migrator->runPending()
#16 /home/lone/MariesRestaurant /vendor/tastyigniter/core/src/Flame/Database/Migrations/Migrator.php(23): Illuminate\\Database\\Migrations\\Migrator->run()
#17 /home/lone/MariesRestaurant /vendor/tastyigniter/core/src/System/Classes/UpdateManager.php(139): Igniter\\Flame\\Database\\Migrations\\Migrator->runGroup()
#18 /home/lone/MariesRestaurant /vendor/laravel/framework/src/Illuminate/Database/Migrations/Migrator.php(671): Igniter\\System\\Classes\\UpdateManager->{closure:Igniter\\System\\Classes\\UpdateManager::migrate():134}()
#19 /home/lone/MariesRestaurant /vendor/tastyigniter/core/src/System/Classes/UpdateManager.php(134): Illuminate\\Database\\Migrations\\Migrator->usingConnection()
#20 /home/lone/MariesRestaurant /vendor/tastyigniter/core/src/System/Console/Commands/IgniterUp.php(59): Igniter\\System\\Classes\\UpdateManager->migrate()
#21 /home/lone/MariesRestaurant /vendor/laravel/framework/src/Illuminate/Container/BoundMethod.php(36): Igniter\\System\\Console\\Commands\\IgniterUp->handle()
#22 /home/lone/MariesRestaurant /vendor/laravel/framework/src/Illuminate/Container/Util.php(43): Illuminate\\Container\\BoundMethod::{closure:Illuminate\\Container\\BoundMethod::call():35}()
#23 /home/lone/MariesRestaurant /vendor/laravel/framework/src/Illuminate/Container/BoundMethod.php(96): Illuminate\\Container\\Util::unwrapIfClosure()
#24 /home/lone/MariesRestaurant /vendor/laravel/framework/src/Illuminate/Container/BoundMethod.php(35): Illuminate\\Container\\BoundMethod::callBoundMethod()
#25 /home/lone/MariesRestaurant /vendor/laravel/framework/src/Illuminate/Container/Container.php(799): Illuminate\\Container\\BoundMethod::call()
#26 /home/lone/MariesRestaurant /vendor/laravel/framework/src/Illuminate/Console/Command.php(211): Illuminate\\Container\\Container->call()
#27 /home/lone/MariesRestaurant /vendor/symfony/console/Command/Command.php(341): Illuminate\\Console\\Command->execute()
#28 /home/lone/MariesRestaurant /vendor/laravel/framework/src/Illuminate/Console/Command.php(180): Symfony\\Component\\Console\\Command\\Command->run()
#29 /home/lone/MariesRestaurant /vendor/symfony/console/Application.php(1117): Illuminate\\Console\\Command->run()
#30 /home/lone/MariesRestaurant /vendor/symfony/console/Application.php(356): Symfony\\Component\\Console\\Application->doRunCommand()
#31 /home/lone/MariesRestaurant /vendor/symfony/console/Application.php(195): Symfony\\Component\\Console\\Application->doRun()
#32 /home/lone/MariesRestaurant /vendor/laravel/framework/src/Illuminate/Foundation/Console/Kernel.php(198): Symfony\\Component\\Console\\Application->run()
#33 /home/lone/MariesRestaurant /artisan(35): Illuminate\\Foundation\\Console\\Kernel->handle()
#34 {main}

[previous exception] [object] (PDOException(code: HY000): SQLSTATE[HY000]: General error: 3750 Unable to create or change a table without a primary key, when the system variable 'sql_require_primary_key' is set. Add a primary key to the table or unset this variable to avoid this message. Note that tables without a primary key can cause performance problems in row-based replication, so please consult your DBA before changing this setting. at /home/lone/MariesRestaurant /vendor/laravel/framework/src/Illuminate/Database/Connection.php:584)
[stacktrace]
#0 /home/lone/MariesRestaurant /vendor/laravel/framework/src/Illuminate/Database/Connection.php(584): PDOStatement->execute()
#1 /home/lone/MariesRestaurant /vendor/laravel/framework/src/Illuminate/Database/Connection.php(827): Illuminate\\Database\\Connection->{closure:Illuminate\\Database\\Connection::statement():573}()
#2 /home/lone/MariesRestaurant /vendor/laravel/framework/src/Illuminate/Database/Connection.php(794): Illuminate\\Database\\Connection->runQueryCallback()
#3 /home/lone/MariesRestaurant /vendor/laravel/framework/src/Illuminate/Database/Connection.php(573): Illuminate\\Database\\Connection->run()
#4 /home/lone/MariesRestaurant /vendor/laravel/framework/src/Illuminate/Database/Schema/Blueprint.php(121): Illuminate\\Database\\Connection->statement()
#5 /home/lone/MariesRestaurant /vendor/laravel/framework/src/Illuminate/Database/Schema/Builder.php(686): Illuminate\\Database\\Schema\\Blueprint->build()
#6 /home/lone/MariesRestaurant /vendor/laravel/framework/src/Illuminate/Database/Schema/Builder.php(506): Illuminate\\Database\\Schema\\Builder->build()
#7 /home/lone/MariesRestaurant /vendor/laravel/framework/src/Illuminate/Support/Facades/Facade.php(363): Illuminate\\Database\\Schema\\Builder->create()
#8 /home/lone/MariesRestaurant /vendor/tastyigniter/core/database/migrations/system/2015_03_25_000001_create_tables.php(33): Illuminate\\Support\\Facades\\Facade::__callStatic()
#9 /home/lone/MariesRestaurant /vendor/laravel/framework/src/Illuminate/Database/Migrations/Migrator.php(517): Illuminate\\Database\\Migrations\\Migration@anonymous->up()
#10 /home/lone/MariesRestaurant /vendor/laravel/framework/src/Illuminate/Database/Migrations/Migrator.php(442): Illuminate\\Database\\Migrations\\Migrator->runMethod()
#11 /home/lone/MariesRestaurant /vendor/laravel/framework/src/Illuminate/Database/Migrations/Migrator.php(451): Illuminate\\Database\\Migrations\\Migrator->{closure:Illuminate\\Database\\Migrations\\Migrator::runMigration():438}()
#12 /home/lone/MariesRestaurant /vendor/laravel/framework/src/Illuminate/Database/Migrations/Migrator.php(253): Illuminate\\Database\\Migrations\\Migrator->runMigration()
#13 /home/lone/MariesRestaurant /vendor/laravel/framework/src/Illuminate/Console/View/Components/Task.php(41): Illuminate\\Database\\Migrations\\Migrator->{closure:Illuminate\\Database\\Migrations\\Migrator::runUp():253}()
#14 /home/lone/MariesRestaurant /vendor/laravel/framework/src/Illuminate/Database/Migrations/Migrator.php(814): Illuminate\\Console\\View\\Components\\Task->render()
#15 /home/lone/MariesRestaurant /vendor/laravel/framework/src/Illuminate/Database/Migrations/Migrator.php(253): Illuminate\\Database\\Migrations\\Migrator->write()
#16 /home/lone/MariesRestaurant /vendor/laravel/framework/src/Illuminate/Database/Migrations/Migrator.php(211): Illuminate\\Database\\Migrations\\Migrator->runUp()
#17 /home/lone/MariesRestaurant /vendor/laravel/framework/src/Illuminate/Database/Migrations/Migrator.php(138): Illuminate\\Database\\Migrations\\Migrator->runPending()
#18 /home/lone/MariesRestaurant /vendor/tastyigniter/core/src/Flame/Database/Migrations/Migrator.php(23): Illuminate\\Database\\Migrations\\Migrator->run()
#19 /home/lone/MariesRestaurant /vendor/tastyigniter/core/src/System/Classes/UpdateManager.php(139): Igniter\\Flame\\Database\\Migrations\\Migrator->runGroup()
#20 /home/lone/MariesRestaurant /vendor/laravel/framework/src/Illuminate/Database/Migrations/Migrator.php(671): Igniter\\System\\Classes\\UpdateManager->{closure:Igniter\\System\\Classes\\UpdateManager::migrate():134}()
#21 /home/lone/MariesRestaurant /vendor/tastyigniter/core/src/System/Classes/UpdateManager.php(134): Illuminate\\Database\\Migrations\\Migrator->usingConnection()
#22 /home/lone/MariesRestaurant /vendor/tastyigniter/core/src/System/Console/Commands/IgniterUp.php(59): Igniter\\System\\Classes\\UpdateManager->migrate()
#23 /home/lone/MariesRestaurant /vendor/laravel/framework/src/Illuminate/Container/BoundMethod.php(36): Igniter\\System\\Console\\Commands\\IgniterUp->handle()
#24 /home/lone/MariesRestaurant /vendor/laravel/framework/src/Illuminate/Container/Util.php(43): Illuminate\\Container\\BoundMethod::{closure:Illuminate\\Container\\BoundMethod::call():35}()
#25 /home/lone/MariesRestaurant /vendor/laravel/framework/src/Illuminate/Container/BoundMethod.php(96): Illuminate\\Container\\Util::unwrapIfClosure()
#26 /home/lone/MariesRestaurant /vendor/laravel/framework/src/Illuminate/Container/BoundMethod.php(35): Illuminate\\Container\\BoundMethod::callBoundMethod()
#27 /home/lone/MariesRestaurant /vendor/laravel/framework/src/Illuminate/Container/Container.php(799): Illuminate\\Container\\BoundMethod::call()
#28 /home/lone/MariesRestaurant /vendor/laravel/framework/src/Illuminate/Console/Command.php(211): Illuminate\\Container\\Container->call()
#29 /home/lone/MariesRestaurant /vendor/symfony/console/Command/Command.php(341): Illuminate\\Console\\Command->execute()
#30 /home/lone/MariesRestaurant /vendor/laravel/framework/src/Illuminate/Console/Command.php(180): Symfony\\Component\\Console\\Command\\Command->run()
#31 /home/lone/MariesRestaurant /vendor/symfony/console/Application.php(1117): Illuminate\\Console\\Command->run()
#32 /home/lone/MariesRestaurant /vendor/symfony/console/Application.php(356): Symfony\\Component\\Console\\Application->doRunCommand()
#33 /home/lone/MariesRestaurant /vendor/symfony/console/Application.php(195): Symfony\\Component\\Console\\Application->doRun()
#34 /home/lone/MariesRestaurant /vendor/laravel/framework/src/Illuminate/Foundation/Console/Kernel.php(198): Symfony\\Component\\Console\\Application->run()
#35 /home/lone/MariesRestaurant /artisan(35): Illuminate\\Foundation\\Console\\Kernel->handle()
#36 {main}
"} 
[2026-08-12 16:33:01] production.ERROR: SQLSTATE[42S01]: Base table or view already exists: 1050 Table 'ti_admin_user_groups' already exists (Connection: mysql, Host: db.fr-roub1.bengt.wasmernet.com, Port: 20184, Database: db_06283ba7, SQL: rename table `ti_user_groups` to `ti_admin_user_groups`) {"exception":"[object] (Illuminate\\Database\\QueryException(code: 42S01): SQLSTATE[42S01]: Base table or view already exists: 1050 Table 'ti_admin_user_groups' already exists (Connection: mysql, Host: db.fr-roub1.bengt.wasmernet.com, Port: 20184, Database: db_06283ba7, SQL: rename table `ti_user_groups` to `ti_admin_user_groups`) at /home/lone/MariesRestaurant /vendor/laravel/framework/src/Illuminate/Database/Connection.php:838)
[stacktrace]
#0 /home/lone/MariesRestaurant /vendor/laravel/framework/src/Illuminate/Database/Connection.php(794): Illuminate\\Database\\Connection->runQueryCallback()
#1 /home/lone/MariesRestaurant /vendor/laravel/framework/src/Illuminate/Database/Connection.php(573): Illuminate\\Database\\Connection->run()
#2 /home/lone/MariesRestaurant /vendor/laravel/framework/src/Illuminate/Database/Schema/Blueprint.php(121): Illuminate\\Database\\Connection->statement()
#3 /home/lone/MariesRestaurant /vendor/laravel/framework/src/Illuminate/Database/Schema/Builder.php(686): Illuminate\\Database\\Schema\\Blueprint->build()
#4 /home/lone/MariesRestaurant /vendor/laravel/framework/src/Illuminate/Database/Schema/Builder.php(598): Illuminate\\Database\\Schema\\Builder->build()
#5 /home/lone/MariesRestaurant /vendor/laravel/framework/src/Illuminate/Support/Facades/Facade.php(363): Illuminate\\Database\\Schema\\Builder->rename()
#6 /home/lone/MariesRestaurant /vendor/tastyigniter/core/database/migrations/admin/2022_06_10_030300_prefix_users_tables_with_admin_table.php(10): Illuminate\\Support\\Facades\\Facade::__callStatic()
#7 /home/lone/MariesRestaurant /vendor/laravel/framework/src/Illuminate/Database/Migrations/Migrator.php(517): Illuminate\\Database\\Migrations\\Migration@anonymous->up()
#8 /home/lone/MariesRestaurant /vendor/laravel/framework/src/Illuminate/Database/Migrations/Migrator.php(442): Illuminate\\Database\\Migrations\\Migrator->runMethod()
#9 /home/lone/MariesRestaurant /vendor/laravel/framework/src/Illuminate/Database/Migrations/Migrator.php(451): Illuminate\\Database\\Migrations\\Migrator->{closure:Illuminate\\Database\\Migrations\\Migrator::runMigration():438}()
#10 /home/lone/MariesRestaurant /vendor/laravel/framework/src/Illuminate/Database/Migrations/Migrator.php(253): Illuminate\\Database\\Migrations\\Migrator->runMigration()
#11 /home/lone/MariesRestaurant /vendor/laravel/framework/src/Illuminate/Console/View/Components/Task.php(41): Illuminate\\Database\\Migrations\\Migrator->{closure:Illuminate\\Database\\Migrations\\Migrator::runUp():253}()
#12 /home/lone/MariesRestaurant /vendor/laravel/framework/src/Illuminate/Database/Migrations/Migrator.php(814): Illuminate\\Console\\View\\Components\\Task->render()
#13 /home/lone/MariesRestaurant /vendor/laravel/framework/src/Illuminate/Database/Migrations/Migrator.php(253): Illuminate\\Database\\Migrations\\Migrator->write()
#14 /home/lone/MariesRestaurant /vendor/laravel/framework/src/Illuminate/Database/Migrations/Migrator.php(211): Illuminate\\Database\\Migrations\\Migrator->runUp()
#15 /home/lone/MariesRestaurant /vendor/laravel/framework/src/Illuminate/Database/Migrations/Migrator.php(138): Illuminate\\Database\\Migrations\\Migrator->runPending()
#16 /home/lone/MariesRestaurant /vendor/tastyigniter/core/src/Flame/Database/Migrations/Migrator.php(23): Illuminate\\Database\\Migrations\\Migrator->run()
#17 /home/lone/MariesRestaurant /vendor/tastyigniter/core/src/System/Classes/UpdateManager.php(139): Igniter\\Flame\\Database\\Migrations\\Migrator->runGroup()
#18 /home/lone/MariesRestaurant /vendor/laravel/framework/src/Illuminate/Database/Migrations/Migrator.php(671): Igniter\\System\\Classes\\UpdateManager->{closure:Igniter\\System\\Classes\\UpdateManager::migrate():134}()
#19 /home/lone/MariesRestaurant /vendor/tastyigniter/core/src/System/Classes/UpdateManager.php(134): Illuminate\\Database\\Migrations\\Migrator->usingConnection()
#20 /home/lone/MariesRestaurant /vendor/tastyigniter/core/src/System/Console/Commands/IgniterUp.php(59): Igniter\\System\\Classes\\UpdateManager->migrate()
#21 /home/lone/MariesRestaurant /vendor/laravel/framework/src/Illuminate/Container/BoundMethod.php(36): Igniter\\System\\Console\\Commands\\IgniterUp->handle()
#22 /home/lone/MariesRestaurant /vendor/laravel/framework/src/Illuminate/Container/Util.php(43): Illuminate\\Container\\BoundMethod::{closure:Illuminate\\Container\\BoundMethod::call():35}()
#23 /home/lone/MariesRestaurant /vendor/laravel/framework/src/Illuminate/Container/BoundMethod.php(96): Illuminate\\Container\\Util::unwrapIfClosure()
#24 /home/lone/MariesRestaurant /vendor/laravel/framework/src/Illuminate/Container/BoundMethod.php(35): Illuminate\\Container\\BoundMethod::callBoundMethod()
#25 /home/lone/MariesRestaurant /vendor/laravel/framework/src/Illuminate/Container/Container.php(799): Illuminate\\Container\\BoundMethod::call()
#26 /home/lone/MariesRestaurant /vendor/laravel/framework/src/Illuminate/Console/Command.php(211): Illuminate\\Container\\Container->call()
#27 /home/lone/MariesRestaurant /vendor/symfony/console/Command/Command.php(341): Illuminate\\Console\\Command->execute()
#28 /home/lone/MariesRestaurant /vendor/laravel/framework/src/Illuminate/Console/Command.php(180): Symfony\\Component\\Console\\Command\\Command->run()
#29 /home/lone/MariesRestaurant /vendor/symfony/console/Application.php(1117): Illuminate\\Console\\Command->run()
#30 /home/lone/MariesRestaurant /vendor/symfony/console/Application.php(356): Symfony\\Component\\Console\\Application->doRunCommand()
#31 /home/lone/MariesRestaurant /vendor/symfony/console/Application.php(195): Symfony\\Component\\Console\\Application->doRun()
#32 /home/lone/MariesRestaurant /vendor/laravel/framework/src/Illuminate/Foundation/Console/Kernel.php(198): Symfony\\Component\\Console\\Application->run()
#33 /home/lone/MariesRestaurant /artisan(35): Illuminate\\Foundation\\Console\\Kernel->handle()
#34 {main}

[previous exception] [object] (PDOException(code: 42S01): SQLSTATE[42S01]: Base table or view already exists: 1050 Table 'ti_admin_user_groups' already exists at /home/lone/MariesRestaurant /vendor/laravel/framework/src/Illuminate/Database/Connection.php:584)
[stacktrace]
#0 /home/lone/MariesRestaurant /vendor/laravel/framework/src/Illuminate/Database/Connection.php(584): PDOStatement->execute()
#1 /home/lone/MariesRestaurant /vendor/laravel/framework/src/Illuminate/Database/Connection.php(827): Illuminate\\Database\\Connection->{closure:Illuminate\\Database\\Connection::statement():573}()
#2 /home/lone/MariesRestaurant /vendor/laravel/framework/src/Illuminate/Database/Connection.php(794): Illuminate\\Database\\Connection->runQueryCallback()
#3 /home/lone/MariesRestaurant /vendor/laravel/framework/src/Illuminate/Database/Connection.php(573): Illuminate\\Database\\Connection->run()
#4 /home/lone/MariesRestaurant /vendor/laravel/framework/src/Illuminate/Database/Schema/Blueprint.php(121): Illuminate\\Database\\Connection->statement()
#5 /home/lone/MariesRestaurant /vendor/laravel/framework/src/Illuminate/Database/Schema/Builder.php(686): Illuminate\\Database\\Schema\\Blueprint->build()
#6 /home/lone/MariesRestaurant /vendor/laravel/framework/src/Illuminate/Database/Schema/Builder.php(598): Illuminate\\Database\\Schema\\Builder->build()
#7 /home/lone/MariesRestaurant /vendor/laravel/framework/src/Illuminate/Support/Facades/Facade.php(363): Illuminate\\Database\\Schema\\Builder->rename()
#8 /home/lone/MariesRestaurant /vendor/tastyigniter/core/database/migrations/admin/2022_06_10_030300_prefix_users_tables_with_admin_table.php(10): Illuminate\\Support\\Facades\\Facade::__callStatic()
#9 /home/lone/MariesRestaurant /vendor/laravel/framework/src/Illuminate/Database/Migrations/Migrator.php(517): Illuminate\\Database\\Migrations\\Migration@anonymous->up()
#10 /home/lone/MariesRestaurant /vendor/laravel/framework/src/Illuminate/Database/Migrations/Migrator.php(442): Illuminate\\Database\\Migrations\\Migrator->runMethod()
#11 /home/lone/MariesRestaurant /vendor/laravel/framework/src/Illuminate/Database/Migrations/Migrator.php(451): Illuminate\\Database\\Migrations\\Migrator->{closure:Illuminate\\Database\\Migrations\\Migrator::runMigration():438}()
#12 /home/lone/MariesRestaurant /vendor/laravel/framework/src/Illuminate/Database/Migrations/Migrator.php(253): Illuminate\\Database\\Migrations\\Migrator->runMigration()
#13 /home/lone/MariesRestaurant /vendor/laravel/framework/src/Illuminate/Console/View/Components/Task.php(41): Illuminate\\Database\\Migrations\\Migrator->{closure:Illuminate\\Database\\Migrations\\Migrator::runUp():253}()
#14 /home/lone/MariesRestaurant /vendor/laravel/framework/src/Illuminate/Database/Migrations/Migrator.php(814): Illuminate\\Console\\View\\Components\\Task->render()
#15 /home/lone/MariesRestaurant /vendor/laravel/framework/src/Illuminate/Database/Migrations/Migrator.php(253): Illuminate\\Database\\Migrations\\Migrator->write()
#16 /home/lone/MariesRestaurant /vendor/laravel/framework/src/Illuminate/Database/Migrations/Migrator.php(211): Illuminate\\Database\\Migrations\\Migrator->runUp()
#17 /home/lone/MariesRestaurant /vendor/laravel/framework/src/Illuminate/Database/Migrations/Migrator.php(138): Illuminate\\Database\\Migrations\\Migrator->runPending()
#18 /home/lone/MariesRestaurant /vendor/tastyigniter/core/src/Flame/Database/Migrations/Migrator.php(23): Illuminate\\Database\\Migrations\\Migrator->run()
#19 /home/lone/MariesRestaurant /vendor/tastyigniter/core/src/System/Classes/UpdateManager.php(139): Igniter\\Flame\\Database\\Migrations\\Migrator->runGroup()
#20 /home/lone/MariesRestaurant /vendor/laravel/framework/src/Illuminate/Database/Migrations/Migrator.php(671): Igniter\\System\\Classes\\UpdateManager->{closure:Igniter\\System\\Classes\\UpdateManager::migrate():134}()
#21 /home/lone/MariesRestaurant /vendor/tastyigniter/core/src/System/Classes/UpdateManager.php(134): Illuminate\\Database\\Migrations\\Migrator->usingConnection()
#22 /home/lone/MariesRestaurant /vendor/tastyigniter/core/src/System/Console/Commands/IgniterUp.php(59): Igniter\\System\\Classes\\UpdateManager->migrate()
#23 /home/lone/MariesRestaurant /vendor/laravel/framework/src/Illuminate/Container/BoundMethod.php(36): Igniter\\System\\Console\\Commands\\IgniterUp->handle()
#24 /home/lone/MariesRestaurant /vendor/laravel/framework/src/Illuminate/Container/Util.php(43): Illuminate\\Container\\BoundMethod::{closure:Illuminate\\Container\\BoundMethod::call():35}()
#25 /home/lone/MariesRestaurant /vendor/laravel/framework/src/Illuminate/Container/BoundMethod.php(96): Illuminate\\Container\\Util::unwrapIfClosure()
#26 /home/lone/MariesRestaurant /vendor/laravel/framework/src/Illuminate/Container/BoundMethod.php(35): Illuminate\\Container\\BoundMethod::callBoundMethod()
#27 /home/lone/MariesRestaurant /vendor/laravel/framework/src/Illuminate/Container/Container.php(799): Illuminate\\Container\\BoundMethod::call()
#28 /home/lone/MariesRestaurant /vendor/laravel/framework/src/Illuminate/Console/Command.php(211): Illuminate\\Container\\Container->call()
#29 /home/lone/MariesRestaurant /vendor/symfony/console/Command/Command.php(341): Illuminate\\Console\\Command->execute()
#30 /home/lone/MariesRestaurant /vendor/laravel/framework/src/Illuminate/Console/Command.php(180): Symfony\\Component\\Console\\Command\\Command->run()
#31 /home/lone/MariesRestaurant /vendor/symfony/console/Application.php(1117): Illuminate\\Console\\Command->run()
#32 /home/lone/MariesRestaurant /vendor/symfony/console/Application.php(356): Symfony\\Component\\Console\\Application->doRunCommand()
#33 /home/lone/MariesRestaurant /vendor/symfony/console/Application.php(195): Symfony\\Component\\Console\\Application->doRun()
#34 /home/lone/MariesRestaurant /vendor/laravel/framework/src/Illuminate/Foundation/Console/Kernel.php(198): Symfony\\Component\\Console\\Application->run()
#35 /home/lone/MariesRestaurant /artisan(35): Illuminate\\Foundation\\Console\\Kernel->handle()
#36 {main}
"} 
